"genus_species","population_id","lifespan_days","season_when_away_100km_start","season_when_away_100km_stop","season_inactive_start","season_inactive_stop","latitude","longitude","realm_general2","maximum_body_size_svl_hbl_cm"
"Acipenser brevirostrum","Acipenser brevirostrum_45.3_NA","24455","0.208","0.708","none","none",45.3,-66.13,"Freshwater","143"
"Ambassis ambassis","Ambassis ambassis_-30.86_NA","1095","","","none","none",-30.86,25.14,"Freshwater","15"
"Ambassis ambassis","Ambassis ambassis_11.49_NA","1095","","","none","none",11.49,79.76,"Freshwater","15"
"Ameiurus melas","Ameiurus melas_42.08_NA","3650","","","none","none",42.08,-81.34,"Freshwater","66"
"Ameiurus melas","Ameiurus melas_39.016739_NA","3650","","","none","none",39.016739,-90.992256,"Freshwater","66"
"Ameiurus natalis","Ameiurus natalis_42.08_NA","2555","","","none","none",42.08,-81.34,"Freshwater","60"
"Ameiurus natalis","Ameiurus natalis_39.201_NA","2555","","","none","none",39.201,-92.177,"Freshwater","60"
"Anguilla australis","Anguilla australis_-37.27_NA","11680","","","none","none",-37.27,174.87,"Freshwater","130"
"Plethodon glutinosus","Plethodon glutinosus_36.95_1040","1825","","","0.458 and 0.958","0.458 and 0.958",36.95,-81.76,"Terrestrial","6.5"
"Plethodon glutinosus","Plethodon glutinosus_39.31_975","1825","","","0.458 and 0.958","0.458 and 0.958",39.31,-80.2,"Terrestrial","6.5"
"Plethodon glutinosus","Plethodon glutinosus_40.78_122","1825","","","0.458 and 0.958","0.458 and 0.958",40.78,-75.28,"Terrestrial","6.5"
"Carpiodes cyprinus","Carpiodes cyprinus_39.97_NA","4015","","","none","none",39.97,-82.81,"Freshwater","45.7"
"Carpiodes cyprinus","Carpiodes cyprinus_42.08_NA","4015","","","none","none",42.08,-81.34,"Freshwater","45.7"
"Catostomus clarkii","Catostomus clarkii_34.048927_NA","3650","","","none","none",34.048927,-111.093735,"Freshwater","33"
"Catostomus commersonii","Catostomus commersonii_42.08_NA","6205","","","none","none",42.08,-81.34,"Freshwater","65"
"Catostomus commersonii","Catostomus commersonii_39.279_NA","6205","","","none","none",39.279,-91.155,"Freshwater","65"
"Chrosomus erythrogaster","Chrosomus erythrogaster_36.16_NA","1095","","","none","none",36.16,-105.2,"Freshwater","9.1"
"Chrosomus erythrogaster","Chrosomus erythrogaster_38.189801_NA","1095","","","none","none",38.189801,-91.908238,"Freshwater","9.1"
"Coregonus artedi","Coregonus artedi_42.41_NA","4745","","","none","none",42.41,-83.98,"Freshwater","57"
"Cottus bairdii","Cottus bairdii_34.19_NA","730","","","none","none",34.19,-84.95,"Freshwater","15"
"Cottus bairdii","Cottus bairdii_42.6_NA","730","","","none","none",42.6,-78.47,"Freshwater","15"
"Cottus carolinae","Cottus carolinae_34.6_NA","1460","","","none","none",34.6,-84.7,"Freshwater","18"
"Cottus carolinae","Cottus carolinae_40.03_NA","1460","","","none","none",40.03,-76.27,"Freshwater","18"
"Couesius plumbeus","Couesius plumbeus_51.38_NA","2555","","","none","none",51.38,-121.26,"Freshwater","23"
"Couesius plumbeus","Couesius plumbeus_59.4_NA","2555","","","none","none",59.4,-133.58,"Freshwater","23"
"Couesius plumbeus","Couesius plumbeus_59.43_NA","2555","","","none","none",59.43,-126.09,"Freshwater","23"
"Ctenopharyngodon idella","Ctenopharyngodon idella_26.47_NA","7665","","","none","none",26.47,99.15,"Freshwater","150"
"Cyprinella lutrensis","Cyprinella lutrensis_33.06_NA","1095","","","none","none",33.06,-101.04,"Freshwater","9"
"Cyprinella lutrensis","Cyprinella lutrensis_33.17_NA","1095","","","none","none",33.17,-97.32,"Freshwater","9"
"Cyprinella lutrensis","Cyprinella lutrensis_34.86_NA","1095","","","none","none",34.86,-96.73,"Freshwater","9"
"Cyprinella lutrensis","Cyprinella lutrensis_35.66_NA","1095","","","none","none",35.66,-97.47,"Freshwater","9"
"Cyprinella lutrensis","Cyprinella lutrensis_37.2_NA","1095","","","none","none",37.2,-113.26,"Freshwater","9"
"Cyprinella lutrensis","Cyprinella lutrensis_37.91_NA","1095","","","none","none",37.91,-122.06,"Freshwater","9"
"Cyprinella lutrensis","Cyprinella lutrensis_32.874_NA","1095","","","none","none",32.874,-110.809,"Freshwater","9"
"Cyprinella lutrensis","Cyprinella lutrensis_33.21295_NA","1095","","","none","none",33.21295,-97.118531,"Freshwater","9"
"Cyprinella lutrensis","Cyprinella lutrensis_38.984_NA","1095","","","none","none",38.984,-92.146,"Freshwater","9"
"Cyprinella spiloptera","Cyprinella spiloptera_39.490383_NA","1825","","","none","none",39.490383,-84.325019,"Freshwater","12"
"Cyprinodon bovinus","Cyprinodon bovinus_30.89_NA","690","","","","",30.89,-102.88,"Freshwater","5.6"
"Cyprinodon nevadensis","Cyprinodon nevadensis_34.07_NA","365","","","none","none",34.07,-117.28,"Freshwater","7.8"
"Cyprinodon nevadensis","Cyprinodon nevadensis_36.93_NA","365","","","none","none",36.93,-117.31,"Freshwater","7.8"
"Cyprinus carpio","Cyprinus carpio_26.47_NA","13870","","","none","none",26.47,99.15,"Freshwater","120"
"Danio rerio","Danio rerio_1.35_NA","365","","","none","none",1.35,103.81,"Freshwater","3.8"
"Danio rerio","Danio rerio_25.67_NA","365","","","none","none",25.67,91.93,"Freshwater","3.8"
"Dorosoma cepedianum","Dorosoma cepedianum_35.96_NA","2190","","","none","none",35.96,-83.92,"Freshwater","57"
"Dorosoma cepedianum","Dorosoma cepedianum_41.65_NA","2190","","","none","none",41.65,-82.83,"Freshwater","57"
"Dorosoma cepedianum","Dorosoma cepedianum_42.08_NA","2190","","","none","none",42.08,-81.34,"Freshwater","57"
"Etheostoma blennioides","Etheostoma blennioides_42.6_NA","1825","","","none","none",42.6,-78.47,"Freshwater","17"
"Etheostoma blennioides","Etheostoma blennioides_39.72_NA","1825","","","none","none",39.72,-84.394,"Freshwater","17"
"Etheostoma caeruleum","Etheostoma caeruleum_42.6_NA","1095","","","none","none",42.6,-78.47,"Freshwater","7.7"
"Etheostoma caeruleum","Etheostoma caeruleum_39.72_NA","1095","","","none","none",39.72,-84.394,"Freshwater","7.7"
"Etheostoma caeruleum","Etheostoma caeruleum_38.189801_NA","1095","","","none","none",38.189801,-91.908238,"Freshwater","7.7"
"Etheostoma flabellare","Etheostoma flabellare_39.51_NA","1580","","","none","none",39.51,-84.65,"Freshwater","8.4"
"Etheostoma flabellare","Etheostoma flabellare_39.97_NA","1580","","","none","none",39.97,-82.81,"Freshwater","8.4"
"Etheostoma flabellare","Etheostoma flabellare_42.6_NA","1580","","","none","none",42.6,-78.47,"Freshwater","8.4"
"Etheostoma flabellare","Etheostoma flabellare_39.72_NA","1580","","","none","none",39.72,-84.394,"Freshwater","8.4"
"Etheostoma flabellare","Etheostoma flabellare_39_NA","1580","","","none","none",39,-84,"Freshwater","8.4"
"Etheostoma flabellare","Etheostoma flabellare_38.524_NA","1580","","","none","none",38.524,-92.472,"Freshwater","8.4"
"Etheostoma nigrum","Etheostoma nigrum_38.32_NA","1580","","","none","none",38.32,-92.54,"Freshwater","7.2"
"Etheostoma nigrum","Etheostoma nigrum_39.3_NA","1580","","","none","none",39.3,-105.47,"Freshwater","7.2"
"Etheostoma nigrum","Etheostoma nigrum_39.51_NA","1580","","","none","none",39.51,-84.65,"Freshwater","7.2"
"Etheostoma nigrum","Etheostoma nigrum_40.42_NA","1580","","","none","none",40.42,-104.6,"Freshwater","7.2"
"Etheostoma nigrum","Etheostoma nigrum_42.6_NA","1580","","","none","none",42.6,-78.47,"Freshwater","7.2"
"Etheostoma spectabile","Etheostoma spectabile_34.28_NA","730","","","none","none",34.28,-96.7,"Freshwater","7.2"
"Etheostoma spectabile","Etheostoma spectabile_34.61_NA","730","","","none","none",34.61,-96.63,"Freshwater","7.2"
"Etheostoma spectabile","Etheostoma spectabile_35.66_NA","730","","","none","none",35.66,-97.47,"Freshwater","7.2"
"Etheostoma spectabile","Etheostoma spectabile_48.362839_NA","730","","","none","none",48.362839,-96.164033,"Freshwater","7.2"
"Etheostoma spectabile","Etheostoma spectabile_34.454398_NA","730","","","none","none",34.454398,-96.635722,"Freshwater","7.2"
"Etheostoma spectabile","Etheostoma spectabile_38.938_NA","730","","","none","none",38.938,-92.014,"Freshwater","7.2"
"Eurycea bislineata","Eurycea bislineata_39.77_NA","kunk","","","0.958","0.958",39.77,-84.69,"Terrestrial","12.3"
"Fundulus notatus","Fundulus notatus_33.17_NA","1095","","","none","none",33.17,-97.32,"Freshwater","8"
"Fundulus notatus","Fundulus notatus_38.524_NA","1095","","","none","none",38.524,-92.472,"Freshwater","8"
"Galaxias maculatus","Galaxias maculatus_-37.27_NA","1825","0.625","0.792","none","none",-37.27,174.87,"Freshwater","19"
"Gambusia affinis","Gambusia affinis_-37.27_NA","1095","","","none","none",-37.27,174.87,"Freshwater","5.1"
"Gambusia affinis","Gambusia affinis_29.48_NA","1095","","","none","none",29.48,-81.68,"Freshwater","5.1"
"Gambusia affinis","Gambusia affinis_33_NA","1095","","","none","none",33,-109.9,"Freshwater","5.1"
"Gambusia affinis","Gambusia affinis_35.66_NA","1095","","","none","none",35.66,-97.47,"Freshwater","5.1"
"Gambusia affinis","Gambusia affinis_35.96_NA","1095","","","none","none",35.96,-83.92,"Freshwater","5.1"
"Gambusia affinis","Gambusia affinis_40.76_NA","1095","","","none","none",40.76,-111.92,"Freshwater","5.1"
"Gasterosteus aculeatus","Gasterosteus aculeatus_52.34_NA","2920","0.208","0.292","none","none",52.34,18.35,"Freshwater","11"
"Gobio gobio","Gobio gobio_52.34_NA","2920","","","none","none",52.34,18.35,"Freshwater","21"
"Gymnocharacinus bergii","Gymnocharacinus bergii_-40.93_NA","2190","","","none","none",-40.93,-66.57,"Freshwater","7.5"
"Heterandria formosa","Heterandria formosa_29.87_NA","120","","","none","none",29.87,-91.43,"Freshwater","3.6"
"Heterandria formosa","Heterandria formosa_29.97_NA","120","","","none","none",29.97,-92.87,"Freshwater","3.6"
"Hybognathus placitus","Hybognathus placitus_33.03_NA","730","","","none","none",33.03,-101.12,"Freshwater","13"
"Hybognathus placitus","Hybognathus placitus_34.86_NA","730","","","none","none",34.86,-96.73,"Freshwater","13"
"Hybognathus placitus","Hybognathus placitus_35.66_NA","730","","","none","none",35.66,-97.47,"Freshwater","13"
"Hypentelium nigricans","Hypentelium nigricans_42.6_NA","4015","","","none","none",42.6,-78.47,"Freshwater","61"
"Hypophthalmichthys nobilis","Hypophthalmichthys nobilis_26.47_NA","7300","0.208","0.458","none","none",26.47,99.15,"Freshwater","146"
"Ictalurus punctatus","Ictalurus punctatus_29.21_NA","8760","","","none","none",29.21,-89.28,"Freshwater","132"
"Ictalurus punctatus","Ictalurus punctatus_29.48_NA","8760","","","none","none",29.48,-81.68,"Freshwater","132"
"Ictalurus punctatus","Ictalurus punctatus_35.66_NA","8760","","","none","none",35.66,-97.47,"Freshwater","132"
"Ictalurus punctatus","Ictalurus punctatus_41.65_NA","8760","","","none","none",41.65,-82.83,"Freshwater","132"
"Ictalurus punctatus","Ictalurus punctatus_47.99_NA","8760","","","none","none",47.99,-97.06,"Freshwater","132"
"Lates calcarifer","Lates calcarifer_-12.83_NA","7300","0.792","0.125","none","none",-12.83,132.86,"Freshwater","200"
"Lates calcarifer","Lates calcarifer_11.49_NA","7300","0.792","0.125","none","none",11.49,79.76,"Freshwater","200"
"Lepomis cyanellus","Lepomis cyanellus_35.66_NA","3285","","","none","none",35.66,-97.47,"Freshwater","31"
"Lepomis cyanellus","Lepomis cyanellus_38.16_NA","3285","","","none","none",38.16,-81.2,"Freshwater","31"
"Lepomis gibbosus","Lepomis gibbosus_47.37_NA","4380","","","none","none",47.37,-120.26,"Freshwater","40"
"Lepomis megalotis","Lepomis megalotis_35.66_NA","2190","","","none","none",35.66,-97.47,"Freshwater","24"
"Lepomis megalotis","Lepomis megalotis_38.524_NA","2190","","","none","none",38.524,-92.472,"Freshwater","24"
"Luxilus chrysocephalus","Luxilus chrysocephalus_39.97_NA","2190","","","none","none",39.97,-82.81,"Freshwater","24"
"Luxilus chrysocephalus","Luxilus chrysocephalus_38.189801_NA","2190","","","none","none",38.189801,-91.908238,"Freshwater","24"
"Luxilus chrysocephalus","Luxilus chrysocephalus_39.490383_NA","2190","","","none","none",39.490383,-84.325019,"Freshwater","24"
"Luxilus cornutus","Luxilus cornutus_35.96_NA","2190","","","none","none",35.96,-83.92,"Freshwater","18"
"Luxilus cornutus","Luxilus cornutus_38.32_NA","2190","","","none","none",38.32,-92.54,"Freshwater","18"
"Luxilus cornutus","Luxilus cornutus_42.6_NA","2190","","","none","none",42.6,-78.47,"Freshwater","18"
"Luxilus cornutus","Luxilus cornutus_43.64_NA","2190","","","none","none",43.64,-79.49,"Freshwater","18"
"Luxilus cornutus","Luxilus cornutus_45.83_NA","2190","","","none","none",45.83,-78.42,"Freshwater","18"
"Meda fulgida","Meda fulgida_32.85_NA","730","","","none","none",32.85,-110.61,"Freshwater","9.1"
"Micropterus dolomieu","Micropterus dolomieu_35.66_NA","9490","","","none","none",35.66,-97.47,"Freshwater","69"
"Micropterus dolomieu","Micropterus dolomieu_42.08_NA","9490","","","none","none",42.08,-81.34,"Freshwater","69"
"Micropterus dolomieu","Micropterus dolomieu_38.104_NA","9490","","","none","none",38.104,-92.328,"Freshwater","69"
"Micropterus punctulatus","Micropterus punctulatus_35.66_NA","2555","","","none","none",35.66,-97.47,"Freshwater","63.5"
"Micropterus salmoides","Micropterus salmoides_29.48_NA","8395","","","0.708 and 0.958","0.708 and 0.958",29.48,-81.68,"Freshwater","97"
"Micropterus salmoides","Micropterus salmoides_34.18_NA","8395","","","0.708 and 0.958","0.708 and 0.958",34.18,-111.71,"Freshwater","97"
"Micropterus salmoides","Micropterus salmoides_35.66_NA","8395","","","0.708 and 0.958","0.708 and 0.958",35.66,-97.47,"Freshwater","97"
"Micropterus salmoides","Micropterus salmoides_35.96_NA","8395","","","0.708 and 0.958","0.708 and 0.958",35.96,-83.92,"Freshwater","97"
"Micropterus salmoides","Micropterus salmoides_41.65_NA","8395","","","0.708 and 0.958","0.708 and 0.958",41.65,-82.83,"Freshwater","97"
"Micropterus salmoides","Micropterus salmoides_39.507_NA","8395","","","0.708 and 0.958","0.708 and 0.958",39.507,-91.794,"Freshwater","97"
"Morone chrysops","Morone chrysops_42.08_NA","3285","","","none","none",42.08,-81.34,"Freshwater","45"
"Notemigonus crysoleucas","Notemigonus crysoleucas_29.48_NA","3285","","","none","none",29.48,-81.68,"Freshwater","32"
"Notemigonus crysoleucas","Notemigonus crysoleucas_35.66_NA","3285","","","none","none",35.66,-97.47,"Freshwater","32"
"Notemigonus crysoleucas","Notemigonus crysoleucas_41.65_NA","3285","","","none","none",41.65,-82.83,"Freshwater","32"
"Notemigonus crysoleucas","Notemigonus crysoleucas_45.83_NA","3285","","","none","none",45.83,-78.42,"Freshwater","32"
"Notemigonus crysoleucas","Notemigonus crysoleucas_39.201_NA","3285","","","none","none",39.201,-92.177,"Freshwater","32"
"Notropis atherinoides","Notropis atherinoides_34.86_NA","1825","","","none","none",34.86,-96.73,"Freshwater","13"
"Notropis atherinoides","Notropis atherinoides_35.66_NA","1825","","","none","none",35.66,-97.47,"Freshwater","13"
"Notropis atherinoides","Notropis atherinoides_41.65_NA","1825","","","none","none",41.65,-82.83,"Freshwater","13"
"Notropis atherinoides","Notropis atherinoides_42.08_NA","1825","","","none","none",42.08,-81.34,"Freshwater","13"
"Notropis atherinoides","Notropis atherinoides_43.64_NA","1825","","","none","none",43.64,-79.49,"Freshwater","13"
"Notropis rubellus","Notropis rubellus_42.6_NA","1095","","","none","none",42.6,-78.47,"Freshwater","9"
"Notropis rubellus","Notropis rubellus_38.859194_NA","1095","","","none","none",38.859194,-93.035753,"Freshwater","9"
"Notropis stramineus","Notropis stramineus_42.6_NA","1095","","","none","none",42.6,-78.47,"Freshwater","8.2"
"Notropis stramineus","Notropis stramineus_39.076718_NA","1095","","","none","none",39.076718,-92.410055,"Freshwater","8.2"
"Oncorhynchus kisutch","Oncorhynchus kisutch_47.37_NA","1825","0.708","0.958","none","none",47.37,-120.26,"Freshwater","108"
"Oncorhynchus kisutch","Oncorhynchus kisutch_47.227642_NA","1825","0.708","0.958","none","none",47.227642,-123.380616,"Freshwater","108"
"Oncorhynchus kisutch","Oncorhynchus kisutch_47.936263_NA","1825","0.708","0.958","none","none",47.936263,-122.944682,"Freshwater","108"
"Oncorhynchus kisutch","Oncorhynchus kisutch_48.037584_NA","1825","0.708","0.958","none","none",48.037584,-124.274831,"Freshwater","108"
"Osmerus mordax","Osmerus mordax_42.08_NA","2555","0.292","0.458","none","none",42.08,-81.34,"Freshwater","35.6"
"Perca flavescens","Perca flavescens_41.65_NA","4015","","","none","none",41.65,-82.83,"Freshwater","50"
"Perca flavescens","Perca flavescens_43.64_NA","4015","","","none","none",43.64,-79.49,"Freshwater","50"
"Perca flavescens","Perca flavescens_45.73_NA","4015","","","none","none",45.73,-78.4,"Freshwater","50"
"Pimephales notatus","Pimephales notatus_35.66_NA","2920","","","none","none",35.66,-97.47,"Freshwater","11"
"Pimephales notatus","Pimephales notatus_39.97_NA","2920","","","none","none",39.97,-82.81,"Freshwater","11"
"Pimephales notatus","Pimephales notatus_41.65_NA","2920","","","none","none",41.65,-82.83,"Freshwater","11"
"Pimephales notatus","Pimephales notatus_42.6_NA","2920","","","none","none",42.6,-78.47,"Freshwater","11"
"Pimephales notatus","Pimephales notatus_43.64_NA","2920","","","none","none",43.64,-79.49,"Freshwater","11"
"Pimephales notatus","Pimephales notatus_38.524_NA","2920","","","none","none",38.524,-92.472,"Freshwater","11"
"Eurycea longicauda","Eurycea longicauda_36.1_NA","3650","","","","",36.1,-94.33,"Terrestrial","20"
"Eurycea lucifuga","Eurycea lucifuga_35.93_NA","3321.5","","","none","none",35.93,-94.15,"Terrestrial","20"
"Pomoxis nigromaculatus","Pomoxis nigromaculatus_46.78_NA","5475","","","none","none",46.78,-94.7,"Freshwater","49"
"Rhinichthys atratulus","Rhinichthys atratulus_35.96_NA","1460","","","none","none",35.96,-83.92,"Freshwater","12.4"
"Rhinichthys atratulus","Rhinichthys atratulus_42.6_NA","1460","","","none","none",42.6,-78.47,"Freshwater","12.4"
"Rhinichthys atratulus","Rhinichthys atratulus_43.64_NA","1460","","","none","none",43.64,-79.49,"Freshwater","12.4"
"Rhinichthys cobitis","Rhinichthys cobitis_32.85_NA","1825","","","none","none",32.85,-110.61,"Freshwater","6"
"Rhinichthys cobitis","Rhinichthys cobitis_32.88_NA","1825","","","none","none",32.88,-110.38,"Freshwater","6"
"Rutilus rutilus","Rutilus rutilus_53.64_NA","5110","","","none","none",53.64,-2.66,"Freshwater","50.2"
"Salmo trutta","Salmo trutta_52.37_NA","13870","","","none","none",52.37,-1.18,"Freshwater","140"
"Salmo trutta","Salmo trutta_52.72_NA","13870","","","none","none",52.72,18.54,"Freshwater","140"
"Salmo trutta","Salmo trutta_54.240113_NA","13870","","","none","none",54.240113,-3.014541,"Freshwater","140"
"Sander vitreus","Sander vitreus_34.37_NA","10585","0.208","0.208","none","none",34.37,-89.52,"Freshwater","107"
"Scardinius erythrophthalmus","Scardinius erythrophthalmus_52.72_NA","6935","","","none","none",52.72,18.54,"Freshwater","61.7"
"Semotilus atromaculatus","Semotilus atromaculatus_35.96_NA","2920","","","none","none",35.96,-83.92,"Freshwater","30.3"
"Semotilus atromaculatus","Semotilus atromaculatus_43.64_NA","2920","","","none","none",43.64,-79.49,"Freshwater","30.3"
"Semotilus atromaculatus","Semotilus atromaculatus_43.83_NA","2920","","","none","none",43.83,-79.48,"Freshwater","30.3"
"Semotilus atromaculatus","Semotilus atromaculatus_28.987263_NA","2920","","","none","none",28.987263,-81.356306,"Freshwater","30.3"
"Siphateles bicolor","Siphateles bicolor_35.67_NA","12775","","","none","none",35.67,-117.64,"Freshwater","45"
"Siphateles bicolor","Siphateles bicolor_35.69_NA","12775","","","none","none",35.69,-117.62,"Freshwater","45"
"Terapon jarbua","Terapon jarbua_11.49_NA","3650","","","none","none",11.49,79.76,"Freshwater","36"
"Ambystoma tigrinum","Ambystoma tigrinum_44.996399_NA","9125","","","0.958","0.958",44.996399,-93.061598,"Terrestrial","33"
"Litoria ewingii","Litoria ewingii_-38_304.8","unk","","","0.458","0.458",-38,145.245,"Terrestrial","5"
"Ambystoma maculatum","Ambystoma maculatum_39.87_NA","11680","","","0.458 and 0.958","0.458 and 0.958",39.87,-89.92,"Terrestrial","24.8"
"Alosa pseudoharengus","Alosa pseudoharengus_42.08_NA","4015","","","none","none",42.08,-81.34,"Freshwater","40"
"Alosa pseudoharengus","Alosa pseudoharengus_42.865433_NA","4015","","","none","none",42.865433,-86.044501,"Freshwater","40"
"Alosa pseudoharengus","Alosa pseudoharengus_43.49_NA","4015","","","none","none",43.49,-87.24,"Freshwater","40"
"Ameiurus natalis","Ameiurus natalis_32.874_NA","2555","","","none","none",32.874,-110.809,"Freshwater","60"
"Anaxyrus americanus","Anaxyrus americanus_34.683_NA","1825","","","0.958","0.958",34.683,-82.837,"Terrestrial","11.1"
"Anaxyrus americanus","Anaxyrus americanus_35.255_NA","1825","","","0.958","0.958",35.255,-97.352,"Terrestrial","11.1"
"Anaxyrus americanus","Anaxyrus americanus_42.878_NA","1825","","","0.958","0.958",42.878,-73.197,"Terrestrial","11.1"
"Anaxyrus woodhousii","Anaxyrus woodhousii_34.683_NA","2920","","","0.958","0.958",34.683,-82.837,"Terrestrial","12.7"
"Anaxyrus woodhousii","Anaxyrus woodhousii_41.682_NA","2920","","","0.958","0.958",41.682,-69.96,"Terrestrial","12.7"
"Anguilla australis","Anguilla australis_-35.15_NA","11680","","","none","none",-35.15,173.68,"Freshwater","130"
"Anolis roquet","Anolis roquet_14.79_500","2445.5","","","none","none",14.79,-61.14,"Terrestrial","8.6"
"Anolis roquet","Anolis roquet_14.8_650","2445.5","","","none","none",14.8,-61.14,"Terrestrial","8.6"
"Anolis roquet","Anolis roquet_14.81_350","2445.5","","","none","none",14.81,-61.12,"Terrestrial","8.6"
"Anolis roquet","Anolis roquet_14.82_175","2445.5","","","none","none",14.82,-61.11,"Terrestrial","8.6"
"Anolis roquet","Anolis roquet_14.85_20","2445.5","","","none","none",14.85,-61.09,"Terrestrial","8.6"
"Catostomus clarkii","Catostomus clarkii_32.874_NA","3650","","","none","none",32.874,-110.809,"Freshwater","33"
"Cottus gobio","Cottus gobio_54.4_NA","3650","","","none","none",54.4,-2.92,"Freshwater","18"
"Cottus gobio","Cottus gobio_54.43_NA","3650","","","none","none",54.43,-3.02,"Freshwater","18"
"Cottus gobio","Cottus gobio_54.47_NA","3650","","","none","none",54.47,-1.18,"Freshwater","18"
"Cyprinella lutrensis","Cyprinella lutrensis_33.21_NA","1095","","","none","none",33.21,-97.15,"Freshwater","9"
"Cyprinodon nevadensis","Cyprinodon nevadensis_36.34312_NA","365","","","none","none",36.34312,-118.745585,"Freshwater","7.8"
"Cyprinus carpio","Cyprinus carpio_42.08_NA","13870","","","none","none",42.08,-81.34,"Freshwater","120"
"Danio rerio","Danio rerio_33.22_NA","365","","","none","none",33.22,-97.13,"Freshwater","3.8"
"Desmognathus fuscus","Desmognathus fuscus_34.588_NA","1569.5","","","none","none",34.588,-78.566,"Terrestrial","14.2"
"Desmognathus fuscus","Desmognathus fuscus_36.639_NA","1569.5","","","none","none",36.639,-81.605,"Terrestrial","14.2"
"Desmognathus fuscus","Desmognathus fuscus_36.689_NA","1569.5","","","none","none",36.689,-80.321,"Terrestrial","14.2"
"Desmognathus fuscus","Desmognathus fuscus_37.375_NA","1569.5","","","none","none",37.375,-80.523,"Terrestrial","14.2"
"Desmognathus fuscus","Desmognathus fuscus_39.77_NA","1569.5","","","none","none",39.77,-84.69,"Terrestrial","14.2"
"Desmognathus ochrophaeus","Desmognathus ochrophaeus_35.255_NA","7300","","","0.792","0.208",35.255,-97.352,"Terrestrial","9.05"
"Desmognathus ochrophaeus","Desmognathus ochrophaeus_35.624_NA","7300","","","0.792","0.208",35.624,-82.993,"Terrestrial","9.05"
"Desmognathus ochrophaeus","Desmognathus ochrophaeus_36.689_NA","7300","","","0.792","0.208",36.689,-80.321,"Terrestrial","9.05"
"Desmognathus quadramaculatus","Desmognathus quadramaculatus_35.219_NA","5475","","","","",35.219,-82.778,"Terrestrial","21"
"Desmognathus quadramaculatus","Desmognathus quadramaculatus_36.494_NA","5475","","","","",36.494,-81.12,"Terrestrial","21"
"Desmognathus quadramaculatus","Desmognathus quadramaculatus_37.375_NA","5475","","","","",37.375,-80.523,"Terrestrial","21"
"Dryophytes versicolor","Dryophytes versicolor_39.965_NA","2825","","","0.958","0.958",39.965,-74.312,"Terrestrial","6"
"Eleutherodactylus coqui","Eleutherodactylus coqui_18.295_700","2190","","","0.958","0.958",18.295,-65.8,"Terrestrial","5.2"
"Eleutherodactylus coqui","Eleutherodactylus coqui_18.403_15","2190","","","0.958","0.958",18.403,-66.05,"Terrestrial","5.2"
"Eleutherodactylus portoricensis","Eleutherodactylus portoricensis_18.295_NA","unk","","","none","none",18.295,-65.8,"Terrestrial","4.2"
"Eleutherodactylus portoricensis","Eleutherodactylus portoricensis_18.403_NA","unk","","","none","none",18.403,-66.05,"Terrestrial","4.2"
"Eurycea bislineata","Eurycea bislineata_37.375_NA","kunk","","","0.958","0.958",37.375,-80.523,"Terrestrial","12.3"
"Eurycea longicauda","Eurycea longicauda_36.689_NA","3650","","","","",36.689,-80.321,"Terrestrial","20"
"Eurycea longicauda","Eurycea longicauda_37.433_NA","3650","","","","",37.433,-80.32,"Terrestrial","20"
"Eurycea lucifuga","Eurycea lucifuga_37.313_NA","3321.5","","","none","none",37.313,-80.677,"Terrestrial","20"
"Eurycea lucifuga","Eurycea lucifuga_37.433_NA","3321.5","","","none","none",37.433,-80.32,"Terrestrial","20"
"Fundulus diaphanus","Fundulus diaphanus_33.17_NA","1580","","","none","none",33.17,-97.32,"Freshwater","13"
"Fundulus diaphanus","Fundulus diaphanus_35.57_NA","1580","","","none","none",35.57,-97.63,"Freshwater","13"
"Galaxias maculatus","Galaxias maculatus_-35.15_0","1825","0.625","0.792","none","none",-35.15,173.68,"Freshwater","19"
"Gambusia affinis","Gambusia affinis_32.874_NA","1095","","","none","none",32.874,-110.809,"Freshwater","5.1"
"Gasterosteus aculeatus","Gasterosteus aculeatus_37.327481_NA","2920","0.208","0.292","none","none",37.327481,-113.705435,"Freshwater","11"
"Ictalurus punctatus","Ictalurus punctatus_41.03_NA","8760","","","none","none",41.03,-75.47,"Freshwater","132"
"Ictalurus punctatus","Ictalurus punctatus_42.08_NA","8760","","","none","none",42.08,-81.34,"Freshwater","132"
"Lepomis cyanellus","Lepomis cyanellus_35.57_NA","3285","","","none","none",35.57,-97.63,"Freshwater","31"
"Lepomis cyanellus","Lepomis cyanellus_32.874_NA","3285","","","none","none",32.874,-110.809,"Freshwater","31"
"Lithobates pipiens","Lithobates pipiens_10_1554.48","3285","","","0.958","0.958",10,-83.788,"Terrestrial","16.5"
"Lithobates pipiens","Lithobates pipiens_17_2011.68","3285","","","0.958","0.958",17,-92.647,"Terrestrial","16.5"
"Lithobates pipiens","Lithobates pipiens_43.6805335_NA","3285","","","0.958","0.958",43.6805335,-90.082397,"Terrestrial","16.5"
"Lithobates pipiens","Lithobates pipiens_45_304.8","3285","","","0.958","0.958",45,-89.646,"Terrestrial","16.5"
"Lithobates sylvaticus","Lithobates sylvaticus_37.56_326","1898","","","0.958","0.958",37.56,-84.3,"Terrestrial","8.3"
"Lithobates sylvaticus","Lithobates sylvaticus_38.2_43","1898","","","0.958","0.958",38.2,-76.85,"Terrestrial","8.3"
"Litoria peronii","Litoria peronii_-27.553_NA","unk","","","none","none",-27.553,153.056,"Terrestrial","5.57"
"Luxilus cornutus","Luxilus cornutus_40.79_NA","2190","","","none","none",40.79,-73.91,"Freshwater","18"
"Meda fulgida","Meda fulgida_32.874_NA","730","","","none","none",32.874,-110.809,"Freshwater","9.1"
"Micropterus salmoides","Micropterus salmoides_42.08_NA","8395","","","0.708 and 0.958","0.708 and 0.958",42.08,-81.34,"Freshwater","97"
"Micropterus salmoides","Micropterus salmoides_32.874_NA","8395","","","0.708 and 0.958","0.708 and 0.958",32.874,-110.809,"Freshwater","97"
"Lithobates sylvaticus","Lithobates sylvaticus_38.8_250","1898","","","0.958","0.958",38.8,-83.4,"Terrestrial","8.3"
"Neobatrachus pictus","Neobatrachus pictus_-34.929_NA","unk","","","0.958","0.958",-34.929,138.6,"Terrestrial","5"
"Notropis atherinoides","Notropis atherinoides_34.95_NA","1825","","","none","none",34.95,-92.49,"Freshwater","13"
"Notropis hudsonius","Notropis hudsonius_41.24_NA","1825","","","none","none",41.24,-73.92,"Freshwater","15"
"Notropis hudsonius","Notropis hudsonius_42.08_NA","1825","","","none","none",42.08,-81.34,"Freshwater","15"
"Odontophrynus occidentalis","Odontophrynus occidentalis_-31.701_NA","unk","","","","",-31.701,-68.095,"Terrestrial","2.87"
"Osmerus mordax","Osmerus mordax_51.51_NA","2555","0.292","0.458","none","none",51.51,-86.68,"Freshwater","35.6"
"Lithobates sylvaticus","Lithobates sylvaticus_42.75_262","1898","","","0.958","0.958",42.75,-86.21,"Terrestrial","8.3"
"Lithobates sylvaticus","Lithobates sylvaticus_42.8_67","1898","","","0.958","0.958",42.8,-73.85,"Terrestrial","8.3"
"Pseudacris triseriata","Pseudacris triseriata_39.11_2121","1825","","","0.958","0.958",39.11,-105.36,"Terrestrial","3.9"
"Perca flavescens","Perca flavescens_42.08_NA","4015","","","none","none",42.08,-81.34,"Freshwater","50"
"Pimephales notatus","Pimephales notatus_39.490383_NA","2920","","","none","none",39.490383,-84.325019,"Freshwater","11"
"Pimephales notatus","Pimephales notatus_39.53_NA","2920","","","none","none",39.53,-76.77,"Freshwater","11"
"Pimephales notatus","Pimephales notatus_42.08_NA","2920","","","none","none",42.08,-81.34,"Freshwater","11"
"Plethodon cinereus","Plethodon cinereus_37.375_NA","9125","","","none","none",37.375,-80.523,"Terrestrial","41.2"
"Plethodon cinereus","Plethodon cinereus_39.953_NA","9125","","","none","none",39.953,-75.443,"Terrestrial","41.2"
"Plethodon jordani","Plethodon jordani_35.113_NA","7227","","","0.958","0.958",35.113,-84.059,"Terrestrial","18.4"
"Plethodon jordani","Plethodon jordani_35.12_NA","7227","","","0.958","0.958",35.12,-83.336,"Terrestrial","18.4"
"Plethodon jordani","Plethodon jordani_35.219_NA","7227","","","0.958","0.958",35.219,-82.778,"Terrestrial","18.4"
"Plethodon jordani","Plethodon jordani_35.827_NA","7227","","","0.958","0.958",35.827,-83.507,"Terrestrial","18.4"
"Plethodon jordani","Plethodon jordani_36.09_NA","7227","","","0.958","0.958",36.09,-81.836,"Terrestrial","18.4"
"Pomoxis annularis","Pomoxis annularis_39.4_NA","3650","","","none","none",39.4,-106.51,"Freshwater","53"
"Pomoxis annularis","Pomoxis annularis_42.08_NA","3650","","","none","none",42.08,-81.34,"Freshwater","53"
"Pomoxis nigromaculatus","Pomoxis nigromaculatus_42.08_NA","5475","","","none","none",42.08,-81.34,"Freshwater","49"
"Pseudacris crucifer","Pseudacris crucifer_39.965_NA","1825","","","0.958","0.958",39.965,-74.312,"Terrestrial","3.7"
"Pseudacris triseriata","Pseudacris triseriata_39.84_2359","1825","","","0.958","0.958",39.84,-105.1,"Terrestrial","3.9"
"Pseudacris triseriata","Pseudacris triseriata_40.62_1542","1825","","","0.958","0.958",40.62,-105.14,"Terrestrial","3.9"
"Pseudacris triseriata","Pseudacris triseriata_40.529_NA","1825","","","0.958","0.958",40.529,-74.64,"Terrestrial","3.9"
"Pseudacris triseriata","Pseudacris triseriata_40.68_2207","1825","","","0.958","0.958",40.68,-105.39,"Terrestrial","3.9"
"Pseudacris triseriata","Pseudacris triseriata_41.26_1547","1825","","","0.958","0.958",41.26,-111.79,"Terrestrial","3.9"
"Pseudacris triseriata","Pseudacris triseriata_40.696_NA","1825","","","0.958","0.958",40.696,-105.594,"Terrestrial","3.9"
"Pseudacris triseriata","Pseudacris triseriata_42.779_NA","1825","","","0.958","0.958",42.779,-96.929,"Terrestrial","3.9"
"Pseudophryne bibronii","Pseudophryne bibronii_-27.553_NA","2190","","","0.458","0.458",-27.553,153.056,"Terrestrial","3.6"
"Rhinella granulosa","Rhinella granulosa_-5.658_NA","unk","","","none","none",-5.658,-36.61,"Terrestrial","9"
"Rhinella marina","Rhinella marina_5.838385_NA","9052","","","0.458 and 0.958","0.458 and 0.958",5.838385,-75.2233885,"Terrestrial","24.1"
"Rhinella marina","Rhinella marina_9_304.8","9052","","","0.458 and 0.958","0.458 and 0.958",9,-79.846,"Terrestrial","24.1"
"Rhinella marina","Rhinella marina_17.706_NA","9052","","","0.458 and 0.958","0.458 and 0.958",17.706,-64.859,"Terrestrial","24.1"
"Rhinichthys atratulus","Rhinichthys atratulus_42.86_NA","1460","","","none","none",42.86,-78.83,"Freshwater","12.4"
"Rhinichthys cobitis","Rhinichthys cobitis_32.874_NA","1825","","","none","none",32.874,-110.809,"Freshwater","6"
"Salmo trutta","Salmo trutta_33.99_NA","13870","","","none","none",33.99,-110.15,"Freshwater","140"
"Salvelinus fontinalis","Salvelinus fontinalis_33.99_NA","8760","","","none","none",33.99,-110.15,"Freshwater","86"
"Salvelinus namaycush","Salvelinus namaycush_45.73_NA","18250","0.708","0.708","none","none",45.73,-78.4,"Freshwater","150"
"Salvelinus namaycush","Salvelinus namaycush_45.76_NA","18250","0.708","0.708","none","none",45.76,-81.96,"Freshwater","150"
"Salvelinus namaycush","Salvelinus namaycush_48.17_NA","18250","0.708","0.708","none","none",48.17,-91.3,"Freshwater","150"
"Salvelinus namaycush","Salvelinus namaycush_48.44_NA","18250","0.708","0.708","none","none",48.44,-90.73,"Freshwater","150"
"Salvelinus namaycush","Salvelinus namaycush_51.26_NA","18250","0.708","0.708","none","none",51.26,-115.37,"Freshwater","150"
"Sander vitreus","Sander vitreus_42.08_NA","10585","0.208","0.208","none","none",42.08,-81.34,"Freshwater","107"
"Semotilus atromaculatus","Semotilus atromaculatus_38.32_NA","2920","","","none","none",38.32,-92.54,"Freshwater","30.3"
"Galaxias fasciatus","Galaxias fasciatus_-38.4_0","2555","","","none","none",-38.4,175.71,"Freshwater","30"
"Ambystoma jeffersonianum","Ambystoma jeffersonianum_39.289_NA","2190","","","0.458 and 0.958","0.458 and 0.958",39.289,-86.773,"Terrestrial","21"
"Ambystoma jeffersonianum","Ambystoma jeffersonianum_39.424_NA","2190","","","0.458 and 0.958","0.458 and 0.958",39.424,-84.186,"Terrestrial","21"
"Ambystoma jeffersonianum","Ambystoma jeffersonianum_40.203_NA","2190","","","0.458 and 0.958","0.458 and 0.958",40.203,-77.195,"Terrestrial","21"
"Ambystoma jeffersonianum","Ambystoma jeffersonianum_47.165_NA","2190","","","0.458 and 0.958","0.458 and 0.958",47.165,-95.197,"Terrestrial","21"
"Ambystoma maculatum","Ambystoma maculatum_35.994_NA","11680","","","0.458 and 0.958","0.458 and 0.958",35.994,-78.899,"Terrestrial","24.8"
"Ambystoma maculatum","Ambystoma maculatum_36.022_NA","11680","","","0.458 and 0.958","0.458 and 0.958",36.022,-78.903,"Terrestrial","24.8"
"Ambystoma maculatum","Ambystoma maculatum_36.026_NA","11680","","","0.458 and 0.958","0.458 and 0.958",36.026,-79.11,"Terrestrial","24.8"
"Ambystoma maculatum","Ambystoma maculatum_40.203_NA","11680","","","0.458 and 0.958","0.458 and 0.958",40.203,-77.195,"Terrestrial","24.8"
"Ambystoma tigrinum","Ambystoma tigrinum_32.32_NA","9125","","","0.958","0.958",32.32,-106.764,"Terrestrial","33"
"Ambystoma tigrinum","Ambystoma tigrinum_33.126_NA","9125","","","0.958","0.958",33.126,-105.752,"Terrestrial","33"
"Ambystoma tigrinum","Ambystoma tigrinum_37.722_NA","9125","","","0.958","0.958",37.722,-89.323,"Terrestrial","33"
"Ascaphus truei","Ascaphus truei_46.989_NA","5110","","","none","none",46.989,-114.015,"Terrestrial","5"
"Crinia parinsignifera","Crinia parinsignifera_-37_304.8","unk","","","none","none",-37,145.887,"Terrestrial","2"
"Crinia parinsignifera","Crinia parinsignifera_-32_304.8","unk","","","none","none",-32,147.196,"Terrestrial","2"
"Crinia signifera","Crinia signifera_-43_304.8","2555","","","none","none",-43,147.371,"Terrestrial","3"
"Crinia signifera","Crinia signifera_-38_304.8","2555","","","none","none",-38,148.174,"Terrestrial","3"
"Crinia signifera","Crinia signifera_-38_304.8","2555","","","none","none",-38,142.518,"Terrestrial","3"
"Crinia signifera","Crinia signifera_-38_304.8","2555","","","none","none",-38,145.245,"Terrestrial","3"
"Crinia signifera","Crinia signifera_-38_304.8","2555","","","none","none",-38,148.206,"Terrestrial","3"
"Crinia signifera","Crinia signifera_-37_1905","2555","","","none","none",-37,148.264,"Terrestrial","3"
"Crinia signifera","Crinia signifera_-34_304.8","2555","","","none","none",-34,151.342,"Terrestrial","3"
"Crinia signifera","Crinia signifera_-31_762","2555","","","none","none",-31,151.667,"Terrestrial","3"
"Crinia signifera","Crinia signifera_-27.559_NA","2555","","","none","none",-27.559,152.276,"Terrestrial","3"
"Geocrinia victoriana","Geocrinia victoriana_-38_304.8","unk","","","","",-38,146.267,"Terrestrial","3.5"
"Geocrinia victoriana","Geocrinia victoriana_-37_304.8","unk","","","","",-37,144.284,"Terrestrial","3.5"
"Hyperolius viridiflavus","Hyperolius viridiflavus_4.7816485_NA","365","","","0.458","0.458",4.7816485,30.3826905,"Terrestrial","3.4"
"Hyperolius viridiflavus","Hyperolius viridiflavus_7.54_NA","365","","","0.458","0.458",7.54,-5.547,"Terrestrial","3.4"
"Limnodynastes dorsalis","Limnodynastes dorsalis_-39_304.8","unk","","","0.958","0.958",-39,146.333,"Terrestrial","7.3"
"Limnodynastes dorsalis","Limnodynastes dorsalis_-37.064_NA","unk","","","0.958","0.958",-37.064,144.217,"Terrestrial","7.3"
"Limnodynastes dorsalis","Limnodynastes dorsalis_-31_609.6","unk","","","0.958","0.958",-31,150.931,"Terrestrial","7.3"
"Limnodynastes dorsalis","Limnodynastes dorsalis_-27.372_NA","unk","","","0.958","0.958",-27.372,152.867,"Terrestrial","7.3"
"Limnodynastes peronii","Limnodynastes peronii_-34.012_NA","unk","","","","",-34.012,151.094,"Terrestrial","7.28"
"Limnodynastes peronii","Limnodynastes peronii_-34_304.8","unk","","","","",-34,151.342,"Terrestrial","7.28"
"Limnodynastes peronii","Limnodynastes peronii_-27.553_NA","unk","","","","",-27.553,153.056,"Terrestrial","7.28"
"Limnodynastes peronii","Limnodynastes peronii_-18_304.8","unk","","","","",-18,145.924,"Terrestrial","7.28"
"Limnodynastes salmini","Limnodynastes salmini_-34_762","unk","","","0.958","0.958",-34,151.342,"Terrestrial","7.5"
"Limnodynastes salmini","Limnodynastes salmini_-27.553_NA","unk","","","0.958","0.958",-27.553,153.056,"Terrestrial","7.5"
"Limnodynastes tasmaniensis","Limnodynastes tasmaniensis_-38_304.8","2190","","","none","none",-38,142.518,"Terrestrial","5.05"
"Limnodynastes tasmaniensis","Limnodynastes tasmaniensis_-37_304.8","2190","","","none","none",-37,145.887,"Terrestrial","5.05"
"Limnodynastes tasmaniensis","Limnodynastes tasmaniensis_-34.929_NA","2190","","","none","none",-34.929,138.6,"Terrestrial","5.05"
"Lithobates pipiens","Lithobates pipiens_43.78444_NA","3285","","","0.958","0.958",43.78444,-88.787868,"Terrestrial","16.5"
"Lithobates sylvaticus","Lithobates sylvaticus_35.053_NA","1898","","","0.958","0.958",35.053,-83.197,"Terrestrial","8.3"
"Lithobates sylvaticus","Lithobates sylvaticus_39.435_NA","1898","","","0.958","0.958",39.435,-84.203,"Terrestrial","8.3"
"Lithobates sylvaticus","Lithobates sylvaticus_42.75_262","1898","","","0.958","0.958",42.75,-83.217,"Terrestrial","8.3"
"Lithobates sylvaticus","Lithobates sylvaticus_47.165_NA","1898","","","0.958","0.958",47.165,-95.197,"Terrestrial","8.3"
"Lithobates sylvaticus","Lithobates sylvaticus_52_304.8","1898","","","0.958","0.958",52,-121.587,"Terrestrial","8.3"
"Litoria bicolor","Litoria bicolor_-18_304.8","unk","","","none","none",-18,145.924,"Terrestrial","3"
"Litoria bicolor","Litoria bicolor_-12.372179_NA","unk","","","none","none",-12.372179,130.868867,"Terrestrial","3"
"Ranoidea caerulea","Ranoidea caerulea_-27.471_NA","7300","","","0.958","0.958",-27.471,153.023,"Terrestrial","10"
"Ranoidea caerulea","Ranoidea caerulea_-27.372_NA","7300","","","0.958","0.958",-27.372,152.867,"Terrestrial","10"
"Ranoidea caerulea","Ranoidea caerulea_-20.401_NA","7300","","","0.958","0.958",-20.401,148.58,"Terrestrial","10"
"Ranoidea caerulea","Ranoidea caerulea_-12.372179_NA","7300","","","0.958","0.958",-12.372179,130.868867,"Terrestrial","10"
"Litoria ewingii","Litoria ewingii_-38_304.8","unk","","","0.458","0.458",-38,142.518,"Terrestrial","5"
"Litoria ewingii","Litoria ewingii_-37_304.8","unk","","","0.458","0.458",-37,145.887,"Terrestrial","5"
"Litoria ewingii","Litoria ewingii_-34_304.8","unk","","","0.458","0.458",-34,151.342,"Terrestrial","5"
"Litoria fallax","Litoria fallax_-34_304.8","unk","","","none","none",-34,151.342,"Terrestrial","3"
"Litoria fallax","Litoria fallax_-27.553_NA","unk","","","none","none",-27.553,153.056,"Terrestrial","2.5"
"Litoria fallax","Litoria fallax_-20_304.8","unk","","","none","none",-20,146.818,"Terrestrial","3"
"Litoria fallax","Litoria fallax_-18_304.8","unk","","","none","none",-18,145.924,"Terrestrial","3"
"Litoria freycineti","Litoria freycineti_-34_304.8","unk","","","","",-34,151.342,"Terrestrial","4.9"
"Litoria freycineti","Litoria freycineti_-26.858_NA","unk","","","","",-26.858,152.958,"Terrestrial","4.9"
"Litoria peronii","Litoria peronii_-38_304.8","unk","","","none","none",-38,148.174,"Terrestrial","5.57"
"Litoria peronii","Litoria peronii_-34_304.8","unk","","","none","none",-34,151.342,"Terrestrial","5.57"
"Litoria peronii","Litoria peronii_-31_731.52","unk","","","none","none",-31,151.667,"Terrestrial","5.57"
"Litoria rothii","Litoria rothii_-21_304.8","unk","","","none","none",-21,148.246,"Terrestrial","5.5"
"Litoria rothii","Litoria rothii_-18_304.8","unk","","","none","none",-18,145.924,"Terrestrial","5.5"
"Litoria rothii","Litoria rothii_-12.372179_NA","unk","","","none","none",-12.372179,130.868867,"Terrestrial","5.5"
"Litoria rubella","Litoria rubella_-27.559_NA","unk","","","none","none",-27.559,152.276,"Terrestrial","3.5"
"Litoria rubella","Litoria rubella_-21_304.8","unk","","","none","none",-21,148.246,"Terrestrial","3.5"
"Litoria rubella","Litoria rubella_-20_304.8","unk","","","none","none",-20,146.818,"Terrestrial","3.5"
"Litoria rubella","Litoria rubella_-18_731.52","unk","","","none","none",-18,145.476,"Terrestrial","3.5"
"Litoria rubella","Litoria rubella_-18_304.8","unk","","","none","none",-18,145.924,"Terrestrial","3.5"
"Litoria rubella","Litoria rubella_-12.372179_NA","unk","","","none","none",-12.372179,130.868867,"Terrestrial","3.5"
"Litoria verreauxii","Litoria verreauxii_-38_304.8","2555","","","none","none",-38,148.174,"Terrestrial","3"
"Litoria verreauxii","Litoria verreauxii_-38_926.64","2555","","","none","none",-38,146.267,"Terrestrial","3"
"Litoria verreauxii","Litoria verreauxii_-37_1981.2","2555","","","none","none",-37,148.264,"Terrestrial","3"
"Litoria verreauxii","Litoria verreauxii_-37_1767.84","2555","","","none","none",-37,148.646,"Terrestrial","3"
"Mixophyes fasciolatus","Mixophyes fasciolatus_-34_304.8","1934.5","","","none","none",-34,151.342,"Terrestrial","9.7"
"Mixophyes fasciolatus","Mixophyes fasciolatus_-27.334_NA","1934.5","","","none","none",-27.334,152.768,"Terrestrial","9.7"
"Notophthalmus viridescens","Notophthalmus viridescens_34.028_NA","5475","","","0.458 and 0.958","0.458 and 0.958",34.028,-78.202,"Terrestrial","14"
"Notophthalmus viridescens","Notophthalmus viridescens_35.255_NA","5475","","","0.458 and 0.958","0.458 and 0.958",35.255,-97.352,"Terrestrial","14"
"Notophthalmus viridescens","Notophthalmus viridescens_35.317_NA","5475","","","0.458 and 0.958","0.458 and 0.958",35.317,-83.209,"Terrestrial","14"
"Notophthalmus viridescens","Notophthalmus viridescens_36.026_NA","5475","","","0.458 and 0.958","0.458 and 0.958",36.026,-79.11,"Terrestrial","14"
"Notophthalmus viridescens","Notophthalmus viridescens_36.074_NA","5475","","","0.458 and 0.958","0.458 and 0.958",36.074,-78.243,"Terrestrial","14"
"Notophthalmus viridescens","Notophthalmus viridescens_36.494_NA","5475","","","0.458 and 0.958","0.458 and 0.958",36.494,-81.12,"Terrestrial","14"
"Notophthalmus viridescens","Notophthalmus viridescens_37.313_NA","5475","","","0.458 and 0.958","0.458 and 0.958",37.313,-80.677,"Terrestrial","14"
"Notophthalmus viridescens","Notophthalmus viridescens_37.375_NA","5475","","","0.458 and 0.958","0.458 and 0.958",37.375,-80.523,"Terrestrial","14"
"Notophthalmus viridescens","Notophthalmus viridescens_37.788_NA","5475","","","0.458 and 0.958","0.458 and 0.958",37.788,-81.953,"Terrestrial","14"
"Notophthalmus viridescens","Notophthalmus viridescens_37.9510375_NA","5475","","","0.458 and 0.958","0.458 and 0.958",37.9510375,-79.0576175,"Terrestrial","14"
"Notophthalmus viridescens","Notophthalmus viridescens_41.129_NA","5475","","","0.458 and 0.958","0.458 and 0.958",41.129,-74.687,"Terrestrial","14"
"Notophthalmus viridescens","Notophthalmus viridescens_42.117_NA","5475","","","0.458 and 0.958","0.458 and 0.958",42.117,-72.662,"Terrestrial","14"
"Notophthalmus viridescens","Notophthalmus viridescens_42.69_NA","5475","","","0.458 and 0.958","0.458 and 0.958",42.69,-73.29,"Terrestrial","14"
"Notophthalmus viridescens","Notophthalmus viridescens_46.312_NA","5475","","","0.458 and 0.958","0.458 and 0.958",46.312,-84.593,"Terrestrial","14"
"Notophthalmus viridescens","Notophthalmus viridescens_51.254_NA","5475","","","0.458 and 0.958","0.458 and 0.958",51.254,-85.323,"Terrestrial","14"
"Pseudacris crucifer","Pseudacris crucifer_47.165_NA","1825","","","0.958","0.958",47.165,-95.197,"Terrestrial","3.7"
"Pseudophryne bibronii","Pseudophryne bibronii_-37_304.8","2190","","","0.458","0.458",-37,145.887,"Terrestrial","3.6"
"Pseudophryne bibronii","Pseudophryne bibronii_-34_304.8","2190","","","0.458","0.458",-34,151.342,"Terrestrial","3.6"
"Ranoidea brevipes","Ranoidea brevipes_-21_304.8","unk","","","0.958","0.958",-21,148.246,"Terrestrial","4.5"
"Ranoidea brevipes","Ranoidea brevipes_-20_304.8","unk","","","0.958","0.958",-20,146.818,"Terrestrial","4.5"
"Ranoidea caerulea","Ranoidea caerulea_-34_304.8","7300","","","0.958","0.958",-34,151.342,"Terrestrial","10"
"Ranoidea caerulea","Ranoidea caerulea_-21_304.8","7300","","","0.958","0.958",-21,148.246,"Terrestrial","10"
"Ranoidea caerulea","Ranoidea caerulea_-20_304.8","7300","","","0.958","0.958",-20,146.818,"Terrestrial","10"
"Ranoidea chloris","Ranoidea chloris_-18_731.52","2190","","","","",-18,145.476,"Terrestrial","7"
"Ranoidea chloris","Ranoidea chloris_-17_304.8","2190","","","","",-17,145.771,"Terrestrial","7"
"Ranoidea gracilenta","Ranoidea gracilenta_-27.553_NA","unk","","","none","none",-27.553,153.056,"Terrestrial","5"
"Ranoidea gracilenta","Ranoidea gracilenta_-18_731.52","unk","","","none","none",-18,145.476,"Terrestrial","5"
"Ranoidea gracilenta","Ranoidea gracilenta_-17_304.8","unk","","","none","none",-17,145.771,"Terrestrial","5"
"Ranoidea lesueurii","Ranoidea lesueurii_-38_304.8","2555","","","","",-38,148.206,"Terrestrial","7"
"Ranoidea lesueurii","Ranoidea lesueurii_-27.372_NA","2555","","","","",-27.372,152.867,"Terrestrial","7"
"Ranoidea lesueurii","Ranoidea lesueurii_-17_304.8","2555","","","","",-17,145.771,"Terrestrial","7"
"Ranoidea lesueurii","Ranoidea lesueurii_-38_304.8","2555","","","","",-38,148.174,"Terrestrial","7"
"Ranoidea phyllochroa","Ranoidea phyllochroa_-38_304.8","unk","","","","",-38,148.174,"Terrestrial","4"
"Ranoidea phyllochroa","Ranoidea phyllochroa_-38_304.8","unk","","","","",-38,148.206,"Terrestrial","4"
"Ranoidea phyllochroa","Ranoidea phyllochroa_-34_304.8","unk","","","","",-34,151.342,"Terrestrial","4"
"Spea hammondii","Spea hammondii_31_304.8","kunk","","","0.458","0.458",31,-110.331,"Terrestrial","6.1"
"Spea hammondii","Spea hammondii_34_304.8","kunk","","","0.458","0.458",34,-117.689,"Terrestrial","6.1"
"Necturus maculosus","Necturus maculosus_40.4070065_NA","12410","","","none","none",40.4070065,-84.204712,"Terrestrial","48.6"
"Necturus maculosus","Necturus maculosus_45.442_NA","12410","","","none","none",45.442,-90.128,"Terrestrial","48.6"
"Atractosteus spatula","Atractosteus spatula_29.728724_NA","18250","","","none","none",29.728724,-92.818166,"Freshwater","300"
"Atractosteus spatula","Atractosteus spatula_31.35786_NA","18250","","","none","none",31.35786,-91.41895,"Freshwater","300"
"Atractosteus spatula","Atractosteus spatula_35.10124_NA","18250","","","none","none",35.10124,-92.76766,"Freshwater","300"
"Orchesella cincta","Orchesella cincta_43.316667_NA","unk","","","none","none",43.316667,11.316667,"Terrestrial","0.4"
"Orchesella cincta","Orchesella cincta_44.533333_NA","unk","","","none","none",44.533333,6.266667,"Terrestrial","0.4"
"Orchesella cincta","Orchesella cincta_50.066667_NA","unk","","","none","none",50.066667,8.683333,"Terrestrial","0.4"
"Orchesella cincta","Orchesella cincta_52.316667_NA","unk","","","none","none",52.316667,9.916667,"Terrestrial","0.4"
"Orchesella cincta","Orchesella cincta_53.716667_NA","unk","","","none","none",53.716667,9.966667,"Terrestrial","0.4"
"Orchesella cincta","Orchesella cincta_56.366667_NA","unk","","","none","none",56.366667,9.933333,"Terrestrial","0.4"
"Orchesella cincta","Orchesella cincta_57.720921_NA","unk","","","none","none",57.720921,10.58388,"Terrestrial","0.4"
"Rhinella spinulosa","Rhinella spinulosa_-37.329809_NA","unk","","","none","none",-37.329809,-71.674241,"Terrestrial","8"
"Rhinella spinulosa","Rhinella spinulosa_-33.350796_NA","unk","","","none","none",-33.350796,-70.312941,"Terrestrial","8"
"Rhinella spinulosa","Rhinella spinulosa_-22.911299_NA","unk","","","none","none",-22.911299,-68.202479,"Terrestrial","8"
"Acipenser brevirostrum","Acipenser brevirostrum_32.89_NA","24455","0.208","0.708","none","none",32.89,-84.67,"Freshwater","143"
"Ameiurus melas","Ameiurus melas_38.34_NA","3650","","","none","none",38.34,-90.37,"Freshwater","66"
"Carassius carassius","Carassius carassius_52.34_NA","3650","","","0.458 and 0.958","0.458 and 0.958",52.34,18.35,"Freshwater","64"
"Catostomus commersonii","Catostomus commersonii_46.78_NA","6205","","","none","none",46.78,-94.7,"Freshwater","65"
"Catostomus commersonii","Catostomus commersonii_54.61_NA","6205","","","none","none",54.61,-124.91,"Freshwater","65"
"Coregonus clupeaformis","Coregonus clupeaformis_45.05_NA","18250","","","none","none",45.05,-82.5,"Freshwater","100"
"Coregonus clupeaformis","Coregonus clupeaformis_45.29_NA","18250","","","none","none",45.29,-82.12,"Freshwater","100"
"Ctenopharyngodon idella","Ctenopharyngodon idella_34.95_NA","7665","","","none","none",34.95,-92.49,"Freshwater","150"
"Cyprinella spiloptera","Cyprinella spiloptera_36.94_NA","1825","","","none","none",36.94,-81.05,"Freshwater","12"
"Cyprinus carpio","Cyprinus carpio_48.96_NA","13870","","","none","none",48.96,16.55,"Freshwater","120"
"Cyprinus carpio","Cyprinus carpio_52.34_NA","13870","","","none","none",52.34,18.35,"Freshwater","120"
"Cyprinus carpio","Cyprinus carpio_55.71_NA","13870","","","none","none",55.71,37.57,"Freshwater","120"
"Cyprinus carpio","Cyprinus carpio_58.44_NA","13870","","","none","none",58.44,38.42,"Freshwater","120"
"Dicentrarchus labrax","Dicentrarchus labrax_36.76_NA","10950","0.708","0.958","none","none",36.76,35.71,"Freshwater","103"
"Dorosoma cepedianum","Dorosoma cepedianum_38.34_NA","2190","","","none","none",38.34,-90.37,"Freshwater","57"
"Eurycea bislineata","Eurycea bislineata_35.317_NA","kunk","","","0.958","0.958",35.317,-83.209,"Terrestrial","12.3"
"Galaxias fasciatus","Galaxias fasciatus_-43.218139_NA","2555","","","none","none",-43.218139,170.210452,"Freshwater","30"
"Galaxias fasciatus","Galaxias fasciatus_-37.595991_NA","2555","","","none","none",-37.595991,175.104216,"Freshwater","30"
"Galaxias maculatus","Galaxias maculatus_-37.595991_NA","1825","0.625","0.792","none","none",-37.595991,175.104216,"Freshwater","19"
"Hypentelium nigricans","Hypentelium nigricans_36.94_NA","4015","","","none","none",36.94,-81.05,"Freshwater","61"
"Hypophthalmichthys nobilis","Hypophthalmichthys nobilis_34.95_NA","7300","0.208","0.458","none","none",34.95,-92.49,"Freshwater","146"
"Ictalurus punctatus","Ictalurus punctatus_30.33_NA","8760","","","none","none",30.33,-110.42,"Freshwater","132"
"Ictalurus punctatus","Ictalurus punctatus_34.45_NA","8760","","","none","none",34.45,-96.64,"Freshwater","132"
"Ictalurus punctatus","Ictalurus punctatus_35.69_NA","8760","","","none","none",35.69,-79.4,"Freshwater","132"
"Labeo rohita","Labeo rohita_19.45_NA","3650","","","none","none",19.45,75.64,"Freshwater","200"
"Lepomis gibbosus","Lepomis gibbosus_42.08_NA","4380","","","none","none",42.08,-81.34,"Freshwater","40"
"Leuciscus idus","Leuciscus idus_52.34_NA","6570","0.208","0.292","none","none",52.34,18.35,"Freshwater","85"
"Luxilus cornutus","Luxilus cornutus_45.73_NA","2190","","","none","none",45.73,-78.4,"Freshwater","18"
"Micropterus dolomieu","Micropterus dolomieu_36.94_NA","9490","","","none","none",36.94,-81.05,"Freshwater","69"
"Micropterus punctulatus","Micropterus punctulatus_36.94_NA","2555","","","none","none",36.94,-81.05,"Freshwater","63.5"
"Micropterus salmoides","Micropterus salmoides_34.45_NA","8395","","","0.708 and 0.958","0.708 and 0.958",34.45,-96.64,"Freshwater","97"
"Micropterus salmoides","Micropterus salmoides_38.34_NA","8395","","","0.708 and 0.958","0.708 and 0.958",38.34,-90.37,"Freshwater","97"
"Micropterus salmoides","Micropterus salmoides_45.55_NA","8395","","","0.708 and 0.958","0.708 and 0.958",45.55,-92.39,"Freshwater","97"
"Micropterus salmoides","Micropterus salmoides_46.78_NA","8395","","","0.708 and 0.958","0.708 and 0.958",46.78,-94.7,"Freshwater","97"
"Morone chrysops","Morone chrysops_38.34_NA","3285","","","none","none",38.34,-90.37,"Freshwater","45"
"Notropis atherinoides","Notropis atherinoides_47.29_NA","1825","","","none","none",47.29,-89.98,"Freshwater","13"
"Notropis hudsonius","Notropis hudsonius_39.97_NA","1825","","","none","none",39.97,-76.48,"Freshwater","15"
"Notropis rubellus","Notropis rubellus_36.94_NA","1095","","","none","none",36.94,-81.05,"Freshwater","9"
"Oncorhynchus mykiss","Oncorhynchus mykiss_-36.41_NA","4015","0.708","0.708","none","none",-36.41,148.63,"Freshwater","122"
"Oncorhynchus mykiss","Oncorhynchus mykiss_36.94_NA","4015","0.208","0.208","none","none",36.94,-81.05,"Freshwater","122"
"Oncorhynchus mykiss","Oncorhynchus mykiss_36.96_NA","4015","0.208","0.208","none","none",36.96,-92.67,"Freshwater","122"
"Oncorhynchus mykiss","Oncorhynchus mykiss_47.29_NA","4015","0.208","0.208","none","none",47.29,-89.98,"Freshwater","122"
"Oncorhynchus mykiss","Oncorhynchus mykiss_48.16_NA","4015","0.208","0.208","none","none",48.16,-86.74,"Freshwater","122"
"Oncorhynchus mykiss","Oncorhynchus mykiss_44.567047_NA","4015","0.208","0.208","none","none",44.567047,-110.843414,"Freshwater","122"
"Perca flavescens","Perca flavescens_36.94_NA","4015","","","none","none",36.94,-81.05,"Freshwater","50"
"Perca flavescens","Perca flavescens_46.62_NA","4015","","","none","none",46.62,-92.65,"Freshwater","50"
"Perca fluviatilis","Perca fluviatilis_52.29_NA","8030","","","none","none",52.29,18.24,"Freshwater","60"
"Perca fluviatilis","Perca fluviatilis_52.34_NA","8030","","","none","none",52.34,18.35,"Freshwater","60"
"Perca fluviatilis","Perca fluviatilis_58.44_NA","8030","","","none","none",58.44,38.42,"Freshwater","60"
"Pimephales notatus","Pimephales notatus_36.94_NA","2920","","","none","none",36.94,-81.05,"Freshwater","11"
"Pomoxis nigromaculatus","Pomoxis nigromaculatus_40.2_NA","5475","","","none","none",40.2,-89.47,"Freshwater","49"
"Pseudacris triseriata","Pseudacris triseriata_40.55_NA","1825","","","0.958","0.958",40.55,-105.017,"Terrestrial","3.9"
"Pseudacris triseriata","Pseudacris triseriata_40.6_NA","1825","","","0.958","0.958",40.6,-105.017,"Terrestrial","3.9"
"Rutilus rutilus","Rutilus rutilus_52.29_NA","5110","","","none","none",52.29,18.24,"Freshwater","50.2"
"Rutilus rutilus","Rutilus rutilus_52.34_NA","5110","","","none","none",52.34,18.35,"Freshwater","50.2"
"Rutilus rutilus","Rutilus rutilus_58.44_NA","5110","","","none","none",58.44,38.42,"Freshwater","50.2"
"Salmo trutta","Salmo trutta_36.94_NA","13870","","","none","none",36.94,-81.05,"Freshwater","140"
"Salvelinus alpinus","Salvelinus alpinus_54.31_NA","14600","0.458","0.458","none","none",54.31,-2.95,"Freshwater","107"
"Salvelinus alpinus","Salvelinus alpinus_54.4_NA","14600","0.458","0.458","none","none",54.4,-2.95,"Freshwater","107"
"Salvelinus fontinalis","Salvelinus fontinalis_36.94_NA","8760","","","none","none",36.94,-81.05,"Freshwater","86"
"Salvelinus fontinalis","Salvelinus fontinalis_51.51_NA","8760","","","none","none",51.51,-86.68,"Freshwater","86"
"Sander vitreus","Sander vitreus_45.45_NA","10585","0.208","0.208","none","none",45.45,-94.43,"Freshwater","107"
"Sander vitreus","Sander vitreus_47.5_NA","10585","0.208","0.208","none","none",47.5,-100.48,"Freshwater","107"
"Scardinius erythrophthalmus","Scardinius erythrophthalmus_52.29_NA","6935","","","none","none",52.29,18.24,"Freshwater","61.7"
"Scardinius erythrophthalmus","Scardinius erythrophthalmus_52.34_NA","6935","","","none","none",52.34,18.35,"Freshwater","61.7"
"Siphateles bicolor","Siphateles bicolor_39.19_NA","12775","","","none","none",39.19,-77.3,"Freshwater","45"
"Notophthalmus viridescens","Notophthalmus viridescens_43.3_NA","5475","","","0.458 and 0.958","0.458 and 0.958",43.3,-72.783,"Terrestrial","14"
"Pogonichthys macrolepidotus","Pogonichthys macrolepidotus_38.23_NA","2555","","","none","none",38.23,-122.03,"Freshwater","44"
"Mauremys reevesii","Mauremys reevesii_19.766667_NA","8869.5","","","","",19.766667,110.316667,"Freshwater","24"
"Mauremys reevesii","Mauremys reevesii_30.316667_NA","8869.5","","","","",30.316667,120.416667,"Freshwater","24"
"Catostomus commersonii","Catostomus commersonii_43.22_NA","6205","","","none","none",43.22,-86.35,"Freshwater","65"
"Coregonus artedi","Coregonus artedi_45.3_NA","4745","","","none","none",45.3,-94.11,"Freshwater","57"
"Dryophytes versicolor","Dryophytes versicolor_41.569_NA","2825","","","0.958","0.958",41.569,-80.456,"Terrestrial","6"
"Hypomesus transpacificus","Hypomesus transpacificus_37.9_NA","730","","","none","none",37.9,-122.32,"Freshwater","12"
"Lithobates pipiens","Lithobates pipiens_33.323_NA","3285","","","0.958","0.958",33.323,-87.46,"Terrestrial","16.5"
"Odontophrynus occidentalis","Odontophrynus occidentalis_-31.527_NA","unk","","","","",-31.527,-68.521,"Terrestrial","2.87"
"Pseudacris triseriata","Pseudacris triseriata_34.683_NA","1825","","","0.958","0.958",34.683,-82.837,"Terrestrial","3.9"
"Rhinella granulosa","Rhinella granulosa_-27.087_NA","unk","","","none","none",-27.087,-54.95,"Terrestrial","9"
"Rhinella marina","Rhinella marina_-27.553_NA","9052","","","0.458 and 0.958","0.458 and 0.958",-27.553,153.056,"Terrestrial","24.1"
"Salmo trutta","Salmo trutta_55.04_NA","13870","","","none","none",55.04,-1.43,"Freshwater","140"
"Ambystoma tigrinum","Ambystoma tigrinum_40.841_NA","9125","","","0.958","0.958",40.841,-99.101,"Terrestrial","33"
"Ascaphus truei","Ascaphus truei_41.823_NA","5110","","","none","none",41.823,-123.94,"Terrestrial","5"
"Buergeria japonica","Buergeria japonica_23.435_NA","2190","","","","",23.435,120.636,"Terrestrial","3.7"
"Buergeria japonica","Buergeria japonica_23.456_NA","2190","","","","",23.456,120.605,"Terrestrial","3.7"
"Buergeria japonica","Buergeria japonica_24.027_NA","2190","","","","",24.027,121.187,"Terrestrial","3.7"
"Buergeria japonica","Buergeria japonica_24.063_NA","2190","","","","",24.063,120.811,"Terrestrial","3.7"
"Buergeria japonica","Buergeria japonica_24.553_NA","2190","","","","",24.553,121.5,"Terrestrial","3.7"
"Buergeria japonica","Buergeria japonica_24.868_NA","2190","","","","",24.868,121.544,"Terrestrial","3.7"
"Lithobates sylvaticus","Lithobates sylvaticus_41.902_NA","1898","","","0.958","0.958",41.902,-72.08,"Terrestrial","8.3"
"Lithobates sylvaticus","Lithobates sylvaticus_45.517_NA","1898","","","0.958","0.958",45.517,-73.3,"Terrestrial","8.3"
"Gobiomorphus basalis","Gobiomorphus basalis_-37.27_NA","2920","","","none","none",-37.27,174.87,"Freshwater","9"
"Gobiomorphus basalis","Gobiomorphus basalis_-35.15_NA","2920","","","none","none",-35.15,173.68,"Freshwater","9"
"Ameiurus nebulosus","Ameiurus nebulosus_39.92_NA","3285","","","0.958","0.958",39.92,-75.13,"Freshwater","55"
"Ameiurus nebulosus","Ameiurus nebulosus_41.65_NA","3285","","","0.958","0.958",41.65,-82.83,"Freshwater","55"
"Ameiurus nebulosus","Ameiurus nebulosus_42.08_NA","3285","","","0.958","0.958",42.08,-81.34,"Freshwater","55"
"Ameiurus nebulosus","Ameiurus nebulosus_43.64_NA","3285","","","0.958","0.958",43.64,-79.49,"Freshwater","55"
"Ameiurus nebulosus","Ameiurus nebulosus_45.83_NA","3285","","","0.958","0.958",45.83,-78.42,"Freshwater","55"
"Aplodinotus grunniens","Aplodinotus grunniens_42.08_NA","4745","","","none","none",42.08,-81.34,"Freshwater","95"
"Campostoma anomalum","Campostoma anomalum_35.66_NA","2190","","","none","none",35.66,-97.47,"Freshwater","22"
"Campostoma anomalum","Campostoma anomalum_39.97_NA","2190","","","none","none",39.97,-82.81,"Freshwater","22"
"Campostoma anomalum","Campostoma anomalum_39_NA","2190","","","none","none",39,-84,"Freshwater","22"
"Campostoma anomalum","Campostoma anomalum_38.603_NA","2190","","","none","none",38.603,-91.45,"Freshwater","22"
"Carassius auratus","Carassius auratus_33.22_NA","14965","","","none","none",33.22,-97.15,"Freshwater","48"
"Carassius auratus","Carassius auratus_35.66_NA","14965","","","none","none",35.66,-97.47,"Freshwater","48"
"Carassius auratus","Carassius auratus_42.08_NA","14965","","","none","none",42.08,-81.34,"Freshwater","48"
"Cyprinodon macularius","Cyprinodon macularius_31.94_NA","730","","","none","none",31.94,-113.02,"Freshwater","7.2"
"Etroplus suratensis","Etroplus suratensis_11.49_NA","1555","","","none","none",11.49,79.76,"Freshwater","40"
"Myrmecocystus depilis","Myrmecocystus depilis_32.32_NA","6205","","","0.458","0.458",32.32,-106.76,"Terrestrial","0.8"
"Fundulus heteroclitus","Fundulus heteroclitus_31.11_NA","1580","","","","",31.11,-81.44,"Freshwater","15"
"Fundulus heteroclitus","Fundulus heteroclitus_37.16_NA","1580","","","","",37.16,-76.52,"Freshwater","15"
"Gila robusta","Gila robusta_37.2_NA","3650","","","none","none",37.2,-113.26,"Freshwater","43"
"Lepomis macrochirus","Lepomis macrochirus_29.48_NA","3650","","","none","none",29.48,-81.68,"Freshwater","41"
"Lepomis macrochirus","Lepomis macrochirus_31.45_NA","3650","","","none","none",31.45,-98.95,"Freshwater","41"
"Lepomis macrochirus","Lepomis macrochirus_34.18_NA","3650","","","none","none",34.18,-111.71,"Freshwater","41"
"Lepomis macrochirus","Lepomis macrochirus_35.66_NA","3650","","","none","none",35.66,-97.47,"Freshwater","41"
"Lepomis macrochirus","Lepomis macrochirus_38.968_NA","3650","","","none","none",38.968,-92.723,"Freshwater","41"
"Morone saxatilis","Morone saxatilis_35.66_NA","10950","0.958","0.208","none","none",35.66,-97.47,"Freshwater","200"
"Pimephales promelas","Pimephales promelas_34.18_NA","1825","","","none","none",34.18,-111.71,"Freshwater","10.1"
"Pimephales promelas","Pimephales promelas_35.21_NA","1825","","","none","none",35.21,-97.45,"Freshwater","10.1"
"Retropinna retropinna","Retropinna retropinna_-37.27_NA","1460","","","none","none",-37.27,174.87,"Freshwater","8.6"
"Rhinichthys osculus","Rhinichthys osculus_34.18_NA","2190","","","none","none",34.18,-111.71,"Freshwater","11"
"Rhinichthys osculus","Rhinichthys osculus_37.2_NA","2190","","","none","none",37.2,-113.26,"Freshwater","11"
"Rhinichthys osculus","Rhinichthys osculus_42.87_NA","2190","","","none","none",42.87,-109.87,"Freshwater","11"
"Rhinichthys osculus","Rhinichthys osculus_43.22_NA","2190","","","none","none",43.22,-110.02,"Freshwater","11"
"Scatophagus argus","Scatophagus argus_11.49_NA","4380","","","none","none",11.49,79.76,"Freshwater","38"
"Scatophagus argus","Scatophagus argus_13.21_NA","4380","","","none","none",13.21,100.93,"Freshwater","38"
"Thymallus arcticus","Thymallus arcticus_59.835428_NA","6570","0.292","0.708","none","none",59.835428,-134.2827,"Freshwater","76"
"Agosia chrysogaster","Agosia chrysogaster_32.874_NA","1095","","","","",32.874,-110.809,"Freshwater","0.9"
"Ambloplites rupestris","Ambloplites rupestris_42.08_NA","2920","","","none","none",42.08,-81.34,"Freshwater","43"
"Ameiurus catus","Ameiurus catus_38.28_NA","5110","","","none","none",38.28,-76.42,"Freshwater","95"
"Ameiurus catus","Ameiurus catus_41.24_NA","5110","","","none","none",41.24,-73.92,"Freshwater","95"
"Anaxyrus boreas","Anaxyrus boreas_34_304.8","4197.5","","","0.958","0.958",34,-117.689,"Terrestrial","12.5"
"Anaxyrus boreas","Anaxyrus boreas_34_304.8","4197.5","","","0.958","0.958",34,-117.693,"Terrestrial","12.5"
"Anaxyrus boreas","Anaxyrus boreas_34_304.8","4197.5","","","0.958","0.958",34,-118.033,"Terrestrial","12.5"
"Anaxyrus boreas","Anaxyrus boreas_35_2743.2","4197.5","","","0.958","0.958",35,-120.087,"Terrestrial","12.5"
"Anaxyrus boreas","Anaxyrus boreas_52_304.8","4197.5","","","0.958","0.958",52,-121.587,"Terrestrial","12.5"
"Anaxyrus cognatus","Anaxyrus cognatus_31_304.8","3890","","","0.958","0.958",31,-110.331,"Terrestrial","11.4"
"Anaxyrus cognatus","Anaxyrus cognatus_35.223_NA","3890","","","0.958","0.958",35.223,-97.439,"Terrestrial","11.4"
"Cyprinodon macularius","Cyprinodon macularius_32.874_NA","730","","","none","none",32.874,-110.809,"Freshwater","7.2"
"Myrmecocystus depilis","Myrmecocystus depilis_36.68_NA","6205","","","0.458","0.458",36.68,-108.31,"Terrestrial","0.8"
"Gila robusta","Gila robusta_32.874_NA","3650","","","none","none",32.874,-110.809,"Freshwater","43"
"Lepomis macrochirus","Lepomis macrochirus_35.57_NA","3650","","","none","none",35.57,-97.63,"Freshwater","41"
"Lepomis macrochirus","Lepomis macrochirus_40.79_NA","3650","","","none","none",40.79,-80.47,"Freshwater","41"
"Lepomis macrochirus","Lepomis macrochirus_41.03_NA","3650","","","none","none",41.03,-75.47,"Freshwater","41"
"Lepomis macrochirus","Lepomis macrochirus_42.08_NA","3650","","","none","none",42.08,-81.34,"Freshwater","41"
"Lepomis macrochirus","Lepomis macrochirus_32.874_NA","3650","","","none","none",32.874,-110.809,"Freshwater","41"
"Oncorhynchus clarkii","Oncorhynchus clarkii_48.810782_NA","3650","","","none","none",48.810782,-121.882818,"Freshwater","99"
"Pimephales promelas","Pimephales promelas_33.21_NA","1825","","","none","none",33.21,-97.15,"Freshwater","10.1"
"Pimephales promelas","Pimephales promelas_33.22_NA","1825","","","none","none",33.22,-97.15,"Freshwater","10.1"
"Pimephales promelas","Pimephales promelas_35.75_NA","1825","","","none","none",35.75,-86.43,"Freshwater","10.1"
"Pimephales promelas","Pimephales promelas_32.874_NA","1825","","","none","none",32.874,-110.809,"Freshwater","10.1"
"Pseudacris regilla","Pseudacris regilla_34_304.8","1095","","","0.958","0.958",34,-117.689,"Terrestrial","5"
"Pseudacris regilla","Pseudacris regilla_35_2743.2","1095","","","0.958","0.958",35,-120.087,"Terrestrial","5"
"Pseudacris regilla","Pseudacris regilla_46.77_NA","1095","","","0.958","0.958",46.77,-113.714,"Terrestrial","5"
"Retropinna retropinna","Retropinna retropinna_-35.15_0","1460","","","none","none",-35.15,173.68,"Freshwater","8.6"
"Retropinna retropinna","Retropinna retropinna_-37.595991_NA","1460","","","none","none",-37.595991,175.104216,"Freshwater","8.6"
"Rhinichthys osculus","Rhinichthys osculus_32.874_NA","2190","","","none","none",32.874,-110.809,"Freshwater","11"
"Acris crepitans","Acris crepitans_37.626_NA","1788.5","","","0.958","0.958",37.626,-89.498,"Terrestrial","3.8"
"Acris crepitans","Acris crepitans_40.514_NA","1788.5","","","0.958","0.958",40.514,-88.991,"Terrestrial","3.8"
"Acris crepitans","Acris crepitans_42.779_NA","1788.5","","","0.958","0.958",42.779,-96.929,"Terrestrial","3.8"
"Ambystoma macrodactylum","Ambystoma macrodactylum_44.881_1140","3650","","","0.958","0.958",44.881,-117.115,"Terrestrial","24.8"
"Ambystoma macrodactylum","Ambystoma macrodactylum_45.593_2470","3650","","","0.958","0.958",45.593,-116.972,"Terrestrial","24.8"
"Ambystoma macrodactylum","Ambystoma macrodactylum_46.4_420","3650","","","0.958","0.958",46.4,-117.001,"Terrestrial","24.8"
"Lithobates berlandieri","Lithobates berlandieri_22.7963195_NA","kunk","","","0.958","0.958",22.7963195,-95.51239,"Terrestrial","12"
"Lithobates berlandieri","Lithobates berlandieri_35.255_NA","kunk","","","0.958","0.958",35.255,-97.352,"Terrestrial","12"
"Lithobates clamitans","Lithobates clamitans_42_NA","2000","","","0.958","0.958",42,-73.135,"Terrestrial","10.8"
"Ranoidea aurea","Ranoidea aurea_-34.929_NA","3650","","","none","none",-34.929,138.6,"Terrestrial","9.39"
"Ranoidea aurea","Ranoidea aurea_-39_304.8","3650","","","none","none",-39,146.333,"Terrestrial","9.39"
"Ranoidea aurea","Ranoidea aurea_-38_304.8","3650","","","none","none",-38,148.174,"Terrestrial","9.39"
"Ranoidea aurea","Ranoidea aurea_-37_304.8","3650","","","none","none",-37,145.887,"Terrestrial","9.39"
"Ranoidea aurea","Ranoidea aurea_-34_304.8","3650","","","none","none",-34,151.342,"Terrestrial","9.39"
"Ceratitis capitata","Ceratitis capitata_-33.67_NA","365","","","none","none",-33.67,19.62,"Terrestrial","0.5"
"Ceratitis capitata","Ceratitis capitata_-33.39_NA","365","","","none","none",-33.39,18.57,"Terrestrial","0.5"
"Ceratitis capitata","Ceratitis capitata_-33.34_NA","365","","","none","none",-33.34,19.57,"Terrestrial","0.5"
"Ceratitis capitata","Ceratitis capitata_-33.01_NA","365","","","none","none",-33.01,19,"Terrestrial","0.5"
"Ceratitis capitata","Ceratitis capitata_-28.47_NA","365","","","none","none",-28.47,20.46,"Terrestrial","0.5"
"Ceratitis capitata","Ceratitis capitata_-25.06_NA","365","","","none","none",-25.06,31.05,"Terrestrial","0.5"
"Ceratitis capitata","Ceratitis capitata_-23.05_NA","365","","","none","none",-23.05,30.17,"Terrestrial","0.5"
"Ceratitis capitata","Ceratitis capitata_-1.28_NA","365","","","none","none",-1.28,36.82,"Terrestrial","0.5"
"Drosophila melanogaster","Drosophila melanogaster_-37.815338_NA","65","","","0.458","0.458",-37.815338,144.963226,"Terrestrial","0.3"
"Drosophila melanogaster","Drosophila melanogaster_-17.525_NA","65","","","0.458","0.458",-17.525,146.031845,"Terrestrial","0.3"
"Ambloplites rupestris","Ambloplites rupestris_36.94_NA","2920","","","none","none",36.94,-81.05,"Freshwater","43"
"Ameiurus nebulosus","Ameiurus nebulosus_41.24_NA","3285","","","0.958","0.958",41.24,-73.92,"Freshwater","55"
"Ameiurus nebulosus","Ameiurus nebulosus_45.73_NA","3285","","","0.958","0.958",45.73,-78.4,"Freshwater","55"
"Aplodinotus grunniens","Aplodinotus grunniens_38.34_NA","4745","","","none","none",38.34,-90.37,"Freshwater","95"
"Campostoma anomalum","Campostoma anomalum_36.94_NA","2190","","","none","none",36.94,-81.05,"Freshwater","22"
"Esox lucius","Esox lucius_38.34_NA","10950","","","none","none",38.34,-90.37,"Freshwater","137"
"Esox lucius","Esox lucius_58.44_NA","10950","","","none","none",58.44,38.42,"Freshwater","137"
"Esox masquinongy","Esox masquinongy_51.51_NA","10950","","","none","none",51.51,-86.68,"Freshwater","183"
"Lepomis macrochirus","Lepomis macrochirus_28.62_NA","3650","","","none","none",28.62,-81.63,"Freshwater","41"
"Lepomis macrochirus","Lepomis macrochirus_36.94_NA","3650","","","none","none",36.94,-81.05,"Freshwater","41"
"Lepomis macrochirus","Lepomis macrochirus_38.34_NA","3650","","","none","none",38.34,-90.37,"Freshwater","41"
"Morone saxatilis","Morone saxatilis_41.24_NA","10950","0.958","0.208","none","none",41.24,-73.92,"Freshwater","200"
"Morone saxatilis","Morone saxatilis_45.37_NA","10950","0.958","0.208","none","none",45.37,-63.26,"Freshwater","200"
"Oncorhynchus clarkii","Oncorhynchus clarkii_37.68_NA","3650","","","none","none",37.68,-106.86,"Freshwater","99"
"Oreochromis mossambicus","Oreochromis mossambicus_-24.96_NA","4015","","","none","none",-24.96,29.3,"Freshwater","39"
"Oreochromis mossambicus","Oreochromis mossambicus_27.89_NA","4015","","","none","none",27.89,-81.41,"Freshwater","39"
"Thymallus arcticus","Thymallus arcticus_45.66_NA","6570","0.292","0.708","none","none",45.66,-112.9,"Freshwater","76"
"Trachemys scripta elegans","Trachemys scripta elegans_19.766667_NA","15074.5","","","none","none",19.766667,110.316667,"Freshwater","29"
"Trachemys scripta elegans","Trachemys scripta elegans_30.316667_NA","15074.5","","","none","none",30.316667,120.416667,"Freshwater","29"
"Agosia chrysogaster","Agosia chrysogaster_33.08_NA","1095","","","","",33.08,-108.46,"Freshwater","0.9"
"Esox lucius","Esox lucius_47.1_NA","10950","","","none","none",47.1,-93.45,"Freshwater","137"
"Esox masquinongy","Esox masquinongy_42.24_NA","10950","","","none","none",42.24,-79.48,"Freshwater","183"
"Lithobates clamitans","Lithobates clamitans_37.621_NA","2000","","","0.958","0.958",37.621,-84.199,"Terrestrial","10.8"
"Gobiomorphus cotidianus","Gobiomorphus cotidianus_-37.27_NA","1825","","","none","none",-37.27,174.87,"Freshwater","15"
"Gobiomorphus cotidianus","Gobiomorphus cotidianus_-35.15_NA","1825","","","none","none",-35.15,173.68,"Freshwater","15"
"Ictalurus punctatus","Ictalurus punctatus_33.157701_NA","8760","","","none","none",33.157701,-97.005377,"Freshwater","132"
"Lepomis cyanellus","Lepomis cyanellus_33.157701_NA","3285","","","none","none",33.157701,-97.005377,"Freshwater","31"
"Sander vitreus","Sander vitreus_40.83_NA","10585","0.208","0.208","none","none",40.83,-92.88,"Freshwater","107"
"Oncorhynchus mykiss","Oncorhynchus mykiss_38.63_NA","4015","0.208","0.208","none","none",38.63,-121.22,"Freshwater","122"
"Esox masquinongy","Esox masquinongy_42.184965_NA","10950","","","none","none",42.184965,-79.430775,"Freshwater","183"
"Pimephales promelas","Pimephales promelas_33.157701_NA","1825","","","none","none",33.157701,-97.005377,"Freshwater","10.1"
"Palirhoeus eatoni","Palirhoeus eatoni_-53.09_5","unk","","","none","none",-53.09,73.5,"Terrestrial","0.55"
"Palirhoeus eatoni","Palirhoeus eatoni_-46.9_2","unk","","","none","none",-46.9,37.73,"Terrestrial","0.55"
"Ischnura elegans","Ischnura elegans_43.637947_NA","540","","","none","none",43.637947,4.846958,"Freshwater","3.5"
"Pleurodema thaul","Pleurodema thaul_-27.40019_NA","1825","","","0.458","0.458",-27.40019,-70.26691,"Freshwater","6.296"
"Pleurodema thaul","Pleurodema thaul_-27.35388_NA","1825","","","0.458","0.458",-27.35388,-70.34879,"Freshwater","6.296"
"Rhynchocypris oxycephalus","Rhynchocypris oxycephalus_30.23_NA","1460","","","none","none",30.23,120.09,"Freshwater","17.2"
"Rhynchocypris oxycephalus","Rhynchocypris oxycephalus_40.24_NA","1460","","","none","none",40.24,122.45,"Freshwater","17.2"
"Gymnocephalus cernua","Gymnocephalus cernua_52.29_NA","4015","","","none","none",52.29,18.24,"Freshwater","25"
"Gymnocephalus cernua","Gymnocephalus cernua_52.381587_NA","4015","","","none","none",52.381587,18.313734,"Freshwater","25"
"Glossina pallidipes","Glossina pallidipes_-13_600","160","","","none","none",-13,31.5,"Terrestrial","1.5"
"Squalius cephalus","Squalius cephalus_52.29_NA","5475","","","none","none",52.29,18.24,"Freshwater","60"
"Squalius cephalus","Squalius cephalus_52.34_NA","5475","","","none","none",52.34,18.35,"Freshwater","60"
"Lampropholis coggeri","Lampropholis coggeri_-19.359822_NA","1095","","","","",-19.359822,146.479397,"Terrestrial","4.5"
"Lampropholis coggeri","Lampropholis coggeri_-19.020205_NA","1095","","","","",-19.020205,146.150026,"Terrestrial","4.5"
"Temnothorax curvispinosus","Temnothorax curvispinosus_41.508556_NA","5475","","","0.958","0.958",41.508556,-81.61302,"Terrestrial","0.059"
"Lithobates catesbeiana","Lithobates catesbeiana_35.255_NA","5840","","","0.958","0.958",35.255,-97.352,"Terrestrial","20.3"
"Lithobates catesbeiana","Lithobates catesbeiana_42_304.8","5840","","","0.958","0.958",42,-73.135,"Terrestrial","20.3"
"Lithobates catesbeiana","Lithobates catesbeiana_39.507_NA","5840","","","0.958","0.958",39.507,-84.745,"Terrestrial","20.3"
"Lithobates catesbeiana","Lithobates catesbeiana_39.44_NA","5840","","","0.958","0.958",39.44,-84.522,"Terrestrial","20.3"
"Limnodynastes tasmaniensis","Limnodynastes tasmaniensis_-31_762-1371.6","2190","","","none","none",-31,151.667,"Terrestrial","5.05"
"Litoria ewingii","Litoria ewingii_-31_762-1371.6","unk","","","0.458","0.458",-31,151.667,"Terrestrial","5"
"Pseudophryne bibronii","Pseudophryne bibronii_-31_762-1371.6","2190","","","0.458","0.458",-31,151.667,"Terrestrial","3.6"
"Takydromus hsuehshanensis","Takydromus hsuehshanensis_24.14_2400-3200","unk","","","0.792","0.292",24.14,121.28,"Terrestrial","7.2"
