"genus","species","age_maturity_days_female","age_maturity_days_female_reference","age_maturity_days_male","age_maturity_days_male_reference","age_maturity.days_unknown_sex","dispersal_distance_category","logic_source_for_dispersal_distance","dispersal_distance2_category","logic_source_for_dispersal_distance2","maximum_body_size_svl_hbl_cm","source_for_maximum_body_size","average_body_size_female","average_body_size_female_reference","average_body_size_male","average_body_size_male_reference","average_body_size_unknown_sex","season_inactive","logic_source_for_season_inactive","migratory","source_logic_for_migration_info","season_when_away_10km...migratory.only.","season_when_away_100km...migratory.only.","logic_source_season_when_away","Home.range.size_Km2","logic.source_for_Home.range.size","data_gatherer","lifespan_days","lifespan_days_reference"
"Canthon","humectus","unk","","unk","","","100+","Verdú & Lobo, 2008",NA,NA,"1.7","Dunlap et al., 2015","","","","","","kunk","Ortega-Martínez et al., 2014","non-migratory","IUCN, 2020",NA,NA,"","unk","","Wilco+Piero","730","Verdú, 2011"
"Anguilla","australis","6570","Gomon & Bray, 2018","5110","Gomon & Bray, 2018","","100+","IUCN, 2020;Beumer, 1979",NA,NA,"130","Froese & Pauly, 2000","","","","","","","","non-migratory","IUCN, 2020",NA,NA,"","0.5","Beumer, 1979","Sarah/Nikki","11680","De Magalhães & Costa, 2009"
"Anguilla","dieffenbachii","11315","Doole, 2005","4380","Doole, 2005","","100+","R. M. McDowall, 2010",NA,NA,"182","Froese & Pauly, 2000","","","","","","","","non-migratory","IUCN, 2020",NA,NA,"","0.062","Chisnall & Kalish, 1993","Sarah/Nikki","18980","McEwan & Joy, 2016"
"Apogon","pacificus","unk","","unk","","","0-1","IUCN, 2020",NA,NA,"10","Froese & Pauly, 2000","","","","","","none","Froese & Pauly, 2000","unk","",NA,NA,"","unk","","Nikki","unk",""
"Chaenocephalus","aceratus","3650","M. La Mesa et al., 2004","3650","M. La Mesa et al., 2004","","100+","Damerau et al., 2014",NA,NA,"72","Froese & Pauly, 2000","","","","","","","","migratory","Reid et al., 2007","autumn","autumn","Papetti et al., 2012;Detrich et al., 2005","unk","","Nikki","7300","Saveliev et al., 2006"
"Chionodraco","rastrospinosus","1460","M. La Mesa & Ashford, 2008","1460","M. La Mesa & Ashford, 2008","","100+","Papetti et al., 2012",NA,NA,"52","Froese & Pauly, 2000;M. La Mesa & Ashford, 2008","47.9","M. La Mesa & Ashford, 2008","42.9","M. La Mesa & Ashford, 2008","","","","non-migratory","Papetti et al., 2012",NA,NA,"","unk","","Nikki","3650","Saveliev et al., 2006"
"Cirrhitichthys","oxycephalus","unk","","unk","","","100+","https://media.nature.com/original/nature-assets/ncomms/2014/141121/ncomms6575/extref/ncomms6575-s2.docx",NA,NA,"10","Froese & Pauly, 2000","","","","","","none","Froese & Pauly, 2000","non-migratory","Mora & Ospína, 2001;Grove & Lavenberg, 1997",NA,NA,"","unk","","Nikki","2920","Pixie Hawkfish (Cirrhitichthys oxycephalus), n.d."
"Culaea","inconstans","365","Eakins, 2020a","365","Eakins, 2020a","Y","1-10","Jacobus & Webb, 2005;Manion, 1977;Stewart et al., 2007",NA,NA,"8.7","Froese & Pauly, 2000","5","Froese & Pauly, 2000","5","Froese & Pauly, 2000","Y","","","non-migratory","IUCN, 2020",NA,NA,"","unk","","Nikki","1095","Froese & Pauly, 2000;Eakins, 2020a"
"Bathygobius","soporator","346","Tavolga, 1954;K. M. Peters, 1983","346","Tavolga, 1954;K. M. Peters, 1983","Y","10-100","K. M. Peters, 1983",NA,NA,"15","Froese & Pauly, 2000","","","","","","none","Froese & Pauly, 2000","non-migratory","Froese & Pauly, 2000",NA,NA,"","unk","","Nikki","1204.5","Niyonkuru et al., 2007"
"Coryphopterus","urospilus","84","Victor et al., 2010","105","Victor et al., 2010","","unk","",NA,NA,"6.5","Froese & Pauly, 2000","","","","","","none","Froese & Pauly, 2000","non-migratory","Mora & Ospína, 2001;Grove & Lavenberg, 1997",NA,NA,"","unk","","Nikki","unk",""
"Halichoeres","dispilus","unk","","unk","","","100+","Victor & Wellington, 2000",NA,NA,"25","Froese & Pauly, 2000","","","","","","none","Froese & Pauly, 2000","unk","",NA,NA,"","unk","","Nikki","1825","Snow, n.d."
"Thalassoma","lucasanum","unk","","unk","","","100+","Wellington & Victor, 1992",NA,NA,"15","Froese & Pauly, 2000","","","","","","none","Froese & Pauly, 2000","non-migratory","Warner, 1982",NA,NA,"","unk","","Nikki","1825","Snow, n.d."
"Lutjanus","guttatus","365","Sarabia-Méndez et al., 2010","365","Sarabia-Méndez et al., 2010","Y","10-100","Zapata & Herrón, 2002",NA,NA,"80","Froese & Pauly, 2000","","","","","","none","Froese & Pauly, 2000","non-migratory","Bayona-Vásquez et al., 2017",NA,NA,"","unk","","Nikki","8395","Gonzalez-Ochoa et al., 2009"
"Poecilia","mexicana","210","Froese & Pauly, 2000","210","Froese & Pauly, 2000","Y","unk","",NA,NA,"11","Froese & Pauly, 2000","","","","","","none","Froese & Pauly, 2000","non-migratory","IUCN, 2020",NA,NA,"","0.000032","Balsano et al., 1985","Nikki","1825","Shortfin Molly (Poecilia mexicana), n.d."
"Acris","crepitans","365","Oliveira et al., 2017","365","Oliveira et al., 2017","Y","1-10","AmphibiaWeb, 2020",NA,NA,"3.8","Oliveira et al., 2017","","","","","","winter","AmphibiaWeb, 2020;Meyers et al., 2015","non-migratory","",NA,NA,"","kunk","AmphibiaWeb, 2020","Nikki","1788.5","Oliveira et al., 2017"
"Ambystoma","jeffersonianum","730","Oliveira et al., 2017","730","Oliveira et al., 2017","Y","0-1","AmphibiaWeb, 2020",NA,NA,"21","Oliveira et al., 2017","","","","","","winter+dry","AmphibiaWeb, 2020","non-migratory","",NA,NA,"","0","Faccio, 2003","Ilona/Nikki","2190","Meyers et al., 2015"
"Ambystoma","macrodactylum","365","Oliveira et al., 2017","365","Oliveira et al., 2017","Y","1-10","Funk & Dunlap, 1999",NA,NA,"24.8","Oliveira et al., 2017;A. P. Russell et al., 1996","","","","","","winter","AmphibiaWeb, 2020","non-migratory","","winter",NA,"","0.0001156-0.0002816","AmphibiaWeb, 2020","Micky/Ilona/Nikki","3650","Oliveira et al., 2017"
"Ambystoma","maculatum","730","Oliveira et al., 2017","730","Oliveira et al., 2017","Y","0-1","Madison, 1997",NA,NA,"24.8","Oliveira et al., 2017","","","","","","winter+hot","Gatz, 1973;AmphibiaWeb, 2020","non-migratory","","winter",NA,"","0.000008-0.0000015 ","Meyers et al., 2015","Micky/Ilona/Nikki","11680","Oliveira et al., 2017;AmphibiaWeb, 2020"
"Ambystoma","tigrinum","1460","De Magalhães & Costa, 2009","1460","De Magalhães & Costa, 2009","","0-1","AmphibiaWeb, 2020;Madison & Farrand, 1998",NA,NA,"33","Oliveira et al., 2017","","","","","","winter","AmphibiaWeb, 2020","non-migratory","",NA,NA,"","0.071","Madison & Farrand, 1998;AmphibiaWeb, 2020","Ilona/Nikki","9125","AmphibiaWeb, 2020"
"Lagopus","lagopus","365","De Magalhães & Costa, 2009","365","De Magalhães & Costa, 2009","","10-100","Brøseth et al., 2005;Hörnell-Willebrand et al., 2014",NA,NA,"43","Meyers et al., 2015","","","","","","","","non-migratory","IUCN, 2020",NA,NA,"","0.02-0.12","Brøseth et al., 2005","Brad/Ilona/Nikki","3285","De Magalhães & Costa, 2009"
"Laudakia","stellio","730","Ergül et al., 2014","730","Ergül et al., 2014","Y","unk","",NA,NA,"13.314","Ergül et al., 2014","8.624-13.043","Ergül et al., 2014","9.005-13.314","Ergül et al., 2014","","","","non-migratory","Southwood & Avens, 2010",NA,NA,"","unk","","Nikki","3650","Ergül et al., 2014"
"Anolis","cybotes","unk","","unk","","","0-1","Fobes et al., 1992",NA,NA,"20.3","Conant & Collins, 1998","4.8","M. A. Johnson & Wade, 2010","6.09","M. A. Johnson & Wade, 2010","","","","non-migratory","Fobes et al., 1992",NA,NA,"","0.00001928","Fobes et al., 1992","Nikki","unk",""
"Anolis","krugi","unk","","unk","","","10-100","RodrÍguez-Robles et al., 2010",NA,NA,"unk","","3.6","Mowbray, n.d.-b","4.5","Mowbray, n.d.-b","","","","non-migratory","",NA,NA,"","unk","","Nikki","unk",""
"Anolis","pulchellus","unk","","unk","","","0-1","Gorman & Harwood, 1977",NA,NA,"unk","","4.571","Huyghe et al., 2007","4.571","Huyghe et al., 2007","Y","","","non-migratory","",NA,NA,"","0.00005","Gorman & Harwood, 1977","Nikki","unk",""
"Anolis","semilineatus","unk","","unk","","","unk","",NA,NA,"4","Cochran, 1941","","","","","","","","non-migratory","",NA,NA,"","unk","","Nikki","unk",""
"Cophosaurus","texanus","50","Ballinger et al., 1972;Sugg et al., 1995","30","Schrank & Ballinger, 1973;Sugg et al., 1995","","0-1","Franco, 2015",NA,NA,"8.8","Degenhardt et al., 2016","6.2","Degenhardt et al., 2016","6.89","Degenhardt et al., 2016","","Oct - Mar","Sugg et al., 1995","non-migratory","Howland, 1992",NA,NA,"","0.1943-0.263","Verwaijen & Van Damme, 2008","Nikki","540","Sugg et al., 1995"
"Dipsosaurus","dorsalis","930","Krekorian, 1984","930","Krekorian, 1984","Y","0-1","Krekorian, 1984",NA,NA,"13.5","Hulse, 1992","13","Meyers et al., 2015","13","Meyers et al., 2015","Y","Oct - Mar","Moberly, 1963","non-migratory","Krekorian, 1984",NA,NA,"","0.00126","Krekorian, 1984","Nikki","5329","De Magalhães & Costa, 2009"
"Sceloporus","grammicus","240","Jiménez-Cruz et al., 2005","180","Jiménez-Cruz et al., 2005","","0-1","Hall & Selander, 1973",NA,NA,"8.1","Guillette & Casas-Andreu, 1980","5.07","Hernández-Salinas et al., 2010","5.298","Hernández-Salinas et al., 2010","","winter","Andrews, 1998","non-migratory","",NA,NA,"","unk","","Nikki","unk",""
"Sceloporus","occidentalis","365","Goldberg, 1973","240","Goldberg, 1974","","0-1","Massot et al., 2003",NA,NA,"7.4","Davis, 1967","6.78","Davis, 1967","7.25","Davis, 1967","","winter","Goldberg, 1973","non-migratory","Southwood & Avens, 2010",NA,NA,"","0.0004-0.07","Tanner & Hopkin, 1971","Nikki","1825","Davis, 1967"
"Lacerta","agilis","803","Roitberg & Smirina, 2006;Guarino et al., 2010","unk","","","0-1","M. Olsson et al., 1996",NA,NA,"10","Guarino et al., 2010","7.39","Guarino et al., 2010","6.93","Guarino et al., 2010","","winter","Saveliev et al., 2006","non-migratory","Southwood & Avens, 2010",NA,NA,"","0.0011","M. Olsson et al., 1996","Nikki","1460","Olsson & Shine, 1996"
"Podarcis","tilliguerta","unk","","unk","","","0-1","Mangiacotti et al., 2013",NA,NA,"unk","","5.25","Biaggini et al., 2013","5.759","Biaggini et al., 2013","","","","non-migratory","Southwood & Avens, 2010",NA,NA,"","unk","","Nikki","5475","Jesus, 2012"
"Takydromus","septentrionalis","unk","","unk","","","0-1","Xiang & Peichao, 1989",NA,NA,"8","Du et al., 2006","","","","","","Nov-Apr/May","IUCN, 2020","non-migratory","",NA,NA,"","0.0000311-0.0000661","Xiang & Peichao, 1989","Nikki","unk",""
"Zootoca","vivipara","365","Sorci & Clobert, 1995","365","Sorci & Clobert, 1995","Y","0-1","Strijbosch et al., 1983",NA,NA,"unk","","4.5-7.5","Pilorge, 1987","4-6","Pilorge, 1987","","Sept - Mar/Apr/May","Bauwens, 1981;Pilorge, 1987","non-migratory","Southwood & Avens, 2010",NA,NA,"","0.5389-1.6921","Ortega-Rubio et al., 1988","Nikki","4380","Avery, 1975"
"Rattus","fuscipes","107","De Magalhães & Costa, 2009","90","De Magalhães & Costa, 2009","","0-1","Peakall et al., 2003",NA,NA,"15.925","K. E. Jones et al., 2009","unk","","unk","","","none","Glanville & Seebacher, 2010","non-migratory","Green & Osborne, 1981",NA,NA,"","0.008-0.012","Peakall et al., 2003","Joanne/Alex/Nikki","1934.5","J. M. Taylor & Calaby, 1988"
"Anaxyrus","americanus","1095","AmphibiaWeb, 2020","730","AmphibiaWeb, 2020","","0-1","AmphibiaWeb, 2020",NA,NA,"11.1","Oliveira et al., 2017","7.5","Meyers et al., 2015","7.5","Meyers et al., 2015","Y","winter","Meyers et al., 2015","non-migratory","",NA,NA,"","6","AmphibiaWeb, 2020","Nikki","1825","AmphibiaWeb, 2020;Meyers et al., 2015"
"Desmarestia","viridis","12","Hiroyuki Nakahara, 1984","12","Hiroyuki Nakahara, 1984","Y","1-10","Norton, 1992",NA,NA,"0.1","Desmarestia viridis, n.d.","","","","","","Feb - Oct","Blain & Gagnon, 2013","non-migratory","",NA,NA,"",NA,NA,"Nikki","365","Blain & Gagnon, 2013"
"Desmarestia","aculeata","7","Ramirez et al., 1986","7","Ramirez et al., 1986","Y","1-10","Norton, 1992",NA,NA,"0.1","Johannesson et al., 2000","","","","","","spring - Nov","Chapman & Burrows, 1971","non-migratory","",NA,NA,"",NA,NA,"Nikki","unk",""
"Desmarestia","ligulata","150","Zepp, 2017","150","Zepp, 2017","Y","1-10","Norton, 1992;Reed et al., 1997;Zepp, 2017",NA,NA,"0.1","WoRMS Editorial Board, 2020","","","","","","spring - summer - fall","Reed et al., 1997","non-migratory","",NA,NA,"",NA,NA,"Nikki","365","M. S. Edwards, 1998"
"Desmarestia","willii","unk","","unk","","","1-10","Norton, 1992",NA,NA,"0.1","Kim et al., 2001","","","","","","spring - summer - fall","","non-migratory","",NA,NA,"",NA,NA,"ALH/Nikki","365","Bellemo et al., 2001"
"Dictyosiphon","foeniculaceus","28","Peters & Müller, 1985;Saga, 1986","28","Saga, 1986","gametes released after 4 weeks (https://doi.org/10.1007/BF01987412)","0-1","Peters & Müller, 1985",NA,NA,"0.1","AlgaeBase, 2006;Gosner, 1979","","","","","","none","Lindeberg & Lindstrom, n.d.;Peters & Müller, 1985","non-migratory","",NA,NA,"",NA,NA,"ALH/Nikki","365","Lindeberg & Lindstrom, n.d."
"Dictyosiphon","hirsutus","unk","","unk","","","0-1","Peters, 1992a",NA,NA,"0.1","Peters, 1992a","","","","","","summer","Peters, 1992a","non-migratory","",NA,NA,"",NA,NA,"ALH/Nikki","365","Peters, 1992a"
"Dumontia","contorta","180","Rietema & Klein, 1981","180","Rietema & Klein, 1981","Y","unk","",NA,NA,"unk","Pot et al., 1988","","","","","","none","Wilce & Davis, 1984","non-migratory","",NA,NA,"",NA,NA,"ALH/Nikki","unk",""
"Haplogloia","andersonii","52","Peters, 1992b","52","Peters, 1992b","Y","1-10","",NA,NA,"0.1","DeCew & Silva, 2006","","","","","","summer","DeCew & Silva, 2006","non-migratory","",NA,NA,"",NA,NA,"ALH/Nikki","365",""
"Sphaerotrichia","divaricata","20","Umezaki, 1990","20","Umezaki, 1990","Y","10-100","A. F. Peters et al., 1993",NA,NA,"0.1","van Den Hoek et al., 1995;Umezaki, 1990","","","","","","summer","van Den Hoek et al., 1995;A. F. Peters et al., 1993","non-migratory","",NA,NA,"",NA,NA,"ALH/Nikki","365","Novaczek & McLachlan, 1987"
"Tinocladia","falklandica","unk","","unk","","","unk","",NA,NA,"unk","AlgaeBase, 2006","","","","","","","","non-migratory","",NA,NA,"",NA,NA,"ALH/Nikki","unk",""
"Trachynema","groenlandicum","unk","","unk","","","1-10","Norton, 1992",NA,NA,"unk","Pedersen, 1985","","","","","","","","non-migratory","",NA,NA,"",NA,NA,"ALH/Nikki","unk",""
"Laminaria","longicruris","200","Chapman, 1986","200","Chapman, 1986","Y","1-10","Norton, 1992",NA,NA,"0.1","Chmura et al., 2007;Harvey, 1857","","","","","","none","Egan & Yarish, 1990","non-migratory","",NA,NA,"",NA,NA,"ALH/Nikki","1460","Harvey, 1857"
"Gigartina","teedii","95","Guiry, 1984","95","Guiry, 1984","Y","0-1","Guiry, 1984",NA,NA,"20","Guiry, 1984","","","","","","","","non-migratory","",NA,NA,"",NA,NA,"ALH/Nikki","unk",""
"Anisotome","imbricata","unk","","unk","","","","Thorsen et al., 2009",NA,NA,"5","Thorsen et al., 2009","","","","","","","","non-migratory","",NA,NA,"",NA,NA,"Nikki","","C. S. Brown et al., 2006"
"Artemisia","californica","250","Pratt et al., 2014","250","Pratt et al., 2014","Y","","Umezaki, 1990",NA,NA,"250","Umezaki, 1990","","","","","","","","non-migratory","",NA,NA,"",NA,NA,"Azenor/Nikki","9125","Montalvo et al., 2017"
"Celmisia","haastii","unk","","unk","","","0-1","Spence, 1990;Thorsen et al., 2009",NA,NA,"15","Celmisia Species, New Zealand Daisy, n.d.","","","","","","","","non-migratory","",NA,NA,"",NA,NA,"Nikki","","Hadley & Rosen, 1974"
"Celmisia","viscosa","2920","A. D. Campbell, 1980","2920","A. D. Campbell, 1980","Y","0-1","Spence, 1990",NA,NA,"unk","","","","","","","","","non-migratory","",NA,NA,"",NA,NA,"Azenor/Nikki","unk",""
"Encelia","farinosa","730","Umezaki, 1990","730","Montalvo, 2004","Y","","D. E. Brown & Minnich, 1986",NA,NA,"150","Umezaki, 1990","","","","","","","","non-migratory","",NA,NA,"",NA,NA,"Azenor/Nikki","10950","Fehlberg & Ranker, 2009"
"Atriplex","hymenelytra","730","Reed, 1993","730","Reed, 1993","Y","unk","",NA,NA,"122","Atriplex hymenelytra, n.d.-b","","","","","","","","non-migratory","",NA,NA,"",NA,NA,"Nikki","","Atriplex hymenelytra, n.d.-a"
"Atriplex","leucophylla","730","Reed, 1993","730","Reed, 1993","Y","unk","",NA,NA,"30","Zacharias, 2013","","","","","","","","non-migratory","",NA,NA,"",NA,NA,"Azenor/Nikki","","“Atriplex leucophylla,” 2020"
"Silene","acaulis","9015.5","Morris & Doak, 1998","9015.5","Morris & Doak, 1998","","1-10","Gehring & Delph, 1999",NA,NA,"3","Silene acaulis, n.d.","","","","","","","","non-migratory","",NA,NA,"",NA,NA,"Azenor/Nikki","109500","Morris & Doak, 1998"
"Hectorella","caespitosa","unk","","unk","","","unk","",NA,NA,"4","Breitwieser et al., 2020","","","","","","","","non-migratory","",NA,NA,"",NA,NA,"Nikki","","Morton & Allan, 1967"
"Eriogonum","latifolium","unk","","unk","","","","Riley et al., 2019",NA,NA,"70","Reveal & Rosatti, 2012","","","","","","none","Dziminski & Alford, 2005","non-migratory","",NA,NA,"",NA,NA,"Nikki","","USDA, 2006"
"Eriogonum","fasciculatum","365","Umezaki, 1990","365","Umezaki, 1990","Y","","Umezaki, 1990",NA,NA,"200","Eriogonum fasciculatum, n.d.","","","","","","","","non-migratory","",NA,NA,"",NA,NA,"Nikki","18250","Sawyer et al., 2001"
"Dracophyllum","muscoides","unk","","unk","","","","Thorsen et al., 2009",NA,NA,"0.5","de Lange, 2020","","","","","","","","non-migratory","",NA,NA,"",NA,NA,"Nikki","unk",""
"Salvia","leucophylla","unk","","unk","","","unk","",NA,NA,"150","Averett, 2012a","","","","","","","","non-migratory","",NA,NA,"",NA,NA,"Nikki","","USDA, 2006"
"Salvia","mohavensis","unk","","unk","","","unk","",NA,NA,"100","Averett, 2012b","","","","","","","","non-migratory","",NA,NA,"",NA,NA,"Nikki","","USDA, 2006"
"Bromus","tectorum","45","Zouhar, 2003","45","Zouhar, 2003","Y","","Zouhar, 2003",NA,NA,"75","Zouhar, 2003","","","","","","","","non-migratory","",NA,NA,"",NA,NA,"Nikki","365","Zouhar, 2003"
"Bromus","rubens","86","Wu & Jain, 1979","86","Wu & Jain, 1979","Y","","Chambers et al., 2016;CABI, 2020b",NA,NA,"40","CABI, 2020b","","","","","","","","non-migratory","",NA,NA,"",NA,NA,"Nikki","365","“Bromus rubens,” 2020"
"Poa","colensoi","unk","","unk","","","0-1","Spence, 1990",NA,NA,"30","Basher & Lynn, 1996","","","","","","","","non-migratory","",NA,NA,"",NA,NA,"Nikki","","Connor, 1963"
"Palirhoeus","eatoni","unk","","unk","","","100+","Chown & Klok, 2001a",NA,NA,"0.55","Janse van Rensburg, 2006","0.44","Chown & Klok, 2001b","0.39","Chown & Klok, 2001b","","","","unk","",NA,NA,"","unk","","Wilco+Piero/Nikki","unk",""
"Calathus","melanocephalus","285","Filippov, 2006","285","Filippov, 2006","Y","10-100","Aukema, 1995",NA,NA,"0.7","Van Noordwijk et al., 2015","","","","","","spring+ winter","Filippov, 2006;“Calathus melanocephalus,” 2009","non-migratory","",NA,NA,"","unk","","Wilco+Piero","390","Filippov, 2006"
"Glossina","pallidipes","15","Ackley & Hargrove, 2017;“Tsetse fly,” n.d.","15","Ackley & Hargrove, 2017;“Tsetse fly,” n.d.","Y","1-10","B. Williams et al., 1992",NA,NA,"1.5","Schofield, 1986","","","","","","","","non-migratory","Brightwell et al., 1997",NA,NA,"","unk","","Susana+Wilco+Piero/Nikki","160","Clutton-Brock & Langley, 1997"
"Myrmecocystus","depilis","90","“Myrmecocystus,” n.d.","unk","","","1-10","“Myrmecocystus mexicanus,” n.d.",NA,NA,"0.8","“Myrmecocystus depilis,” n.d.","","","","","","summer","“Myrmecocystus species group,” n.d.","non-migratory","",NA,NA,"","0.0000000573","Cole et al., 2001","Wilco+Piero/Nikki","6205","Holldobler & Wilson, 1990"
"Alosa","pseudoharengus","1642","De Magalhães & Costa, 2009","1277","De Magalhães & Costa, 2009","","10-100","Spares et al., 2016",NA,NA,"40","Froese & Pauly, 2000","30","Froese & Pauly, 2000","30","Froese & Pauly, 2000","Y","","","migratory","IUCN, 2020","spring",NA,"Saila et al., 1972;Durbin et al., 1979","unk","","Azenor/Nikki","4015","Meyers et al., 2015;CABI, 2020a"
"Catostomus","clarkii","730","NatureServe, 2020","730","NatureServe, 2020","Y","0-1","Booth et al., 2013",NA,NA,"33","Froese & Pauly, 2000","","","","","","","","non-migratory","IUCN, 2020",NA,NA,"","0.022-0.53","Booth et al., 2013","Azenor/Nikki","3650","NatureServe, 2020"
"Agosia","chrysogaster","365","Winther, 1962","365","Winther, 1962","Y","1-10","Minckley & Barber, 1971",NA,NA,"0.9","Winther, 1962","","","","","","kunk","Minckley & Barber, 1971","non-migratory","IUCN, 2020",NA,NA,"","unk","","Wilco+Piero/Nikki","1095","NatureServe, 2020"
"Gila","robusta","730","NatureServe, 2020","730","NatureServe, 2020","Y","1-10","Brouder et al., 2000",NA,NA,"43","Froese & Pauly, 2000","","","","","","none","Gila robusta jordani, 1990","non-migratory","IUCN, 2020",NA,NA,"","0.031","Brouder et al., 2000","Wilco+Piero/Nikki","3650","NatureServe, 2020"
"Meda","fulgida","425","NatureServe, 2020","425","NatureServe, 2020","Y","10-100","Propst et al., 1986",NA,NA,"9.1","Froese & Pauly, 2000","","","","","","none","NatureServe, 2020","non-migratory","IUCN, 2020",NA,NA,"","unk","","Wilco+Piero/Nikki","730","NatureServe, 2020"
"Pogonichthys","macrolepidotus","730","NatureServe, 2020","730","NatureServe, 2020","Y","10-100","Baerwald et al., 2007;Moyle et al., 2004",NA,NA,"44","Froese & Pauly, 2000","","","","","","none","NatureServe, 2020","non-migratory","IUCN, 2020",NA,NA,"","0.00003","Sommer et al., 2008","Wilco+Piero/Nikki","2555","NatureServe, 2020"
"Rhinichthys","cobitis","300","NatureServe, 2020","300","NatureServe, 2020","Y","unk","",NA,NA,"6","NatureServe, 2020","","","","","","none","NatureServe, 2020","non-migratory","IUCN, 2020",NA,NA,"","unk","","Wilco+Piero/Nikki","1825","Froese & Pauly, 2000"
"Cyprinodon","macularius","365","NatureServe, 2020","365","NatureServe, 2020","Y","1-10","G. W. Barlow, 1958",NA,NA,"7.2","Froese & Pauly, 2000","","","","","","","","non-migratory","IUCN, 2020",NA,NA,"","unk","","Nikki","730","Froese & Pauly, 2000"
"Galaxias","fasciatus","1460","IUCN, 2020","730","IUCN, 2020","","0-1","Akbaripasand et al., 2011",NA,NA,"30","Froese & Pauly, 2000","","","","","","","","non-migratory","Hopkins, 1979",NA,NA,"","unk","","Nikki","2555","IUCN, 2020"
"Galaxias","maculatus","365","IUCN, 2020","365","IUCN, 2020","Y","100+","Delgado et al., 2019",NA,NA,"19","Froese & Pauly, 2000","10","Froese & Pauly, 2000","10","Froese & Pauly, 2000","Y","","","migratory","Froese & Pauly, 2000","August/September/October","August/September/October","Barriga et al., 2007;Ergül et al., 2014","unk","","Nikki","1825","IUCN, 2020"
"Gillichthys","mirabilis","365","G. Barlow, 1963","365","G. Barlow, 1963","Y","1-10","McGourty et al., 2009;Yoklavich et al., 1992;Moser, 1996",NA,NA,"21","Froese & Pauly, 2000","19","Froese & Pauly, 2000","19","Froese & Pauly, 2000","Y","none","NatureServe, 2020","non-migratory","IUCN, 2020",NA,NA,"","0.00283","Bano et al., 2007","Azenor/Nikki","730","Froese & Pauly, 2000"
"Ambassis","ambassis","365","Milton & Arthington, 1985","365","Milton & Arthington, 1985","Y","unk","",NA,NA,"15","Froese & Pauly, 2000","","","","","","","","non-migratory","IUCN, 2020",NA,NA,"","unk","","Nikki","1095","Milton & Arthington, 1985"
"Apogon","dovii","unk","","unk","","","unk","",NA,NA,"7.5","Froese & Pauly, 2000","","","","","","","","non-migratory","IUCN, 2020",NA,NA,"","unk","","Nikki","unk",""
"Lipophrys","pholis","255.5","M. G. Carvalho et al., 2017","146","M. G. Carvalho et al., 2017","Y","100+","M. G. Carvalho et al., 2017",NA,NA,"17","Froese & Pauly, 2000","","","","","","","","non-migratory","IUCN, 2020",NA,NA,"","0.000000785-0.00000825","Gibson, 1967","Nikki","3650","De Magalhães & Costa, 2009;Froese & Pauly, 2000"
"Lipophrys","trigloides","unk","","unk","","","100+","Macpherson & Raventos, 2006",NA,NA,"13","Froese & Pauly, 2000","","","","","","","","unk","",NA,NA,"","unk","","Nikki","unk",""
"Carpiodes","cyprinus","2190","Parker & Franzin, 1991","1460","Parker & Franzin, 1991","","10-100","NatureServe, 2020",NA,NA,"45.7","Parker & Franzin, 1991","44.4-44.9","Parker & Franzin, 1991","40.9-41.3","Parker & Franzin, 1991","","","","migratory","NatureServe, 2020",NA,NA,"","unk","","Azenor/Nikki","4015","Meyers et al., 2015"
"Catostomus","commersonii","1095","Meyers et al., 2015","730","Meyers et al., 2015","","10-100","Meyers et al., 2015;NatureServe, 2020",NA,NA,"65","Froese & Pauly, 2000","40.7","Froese & Pauly, 2000","40.7","Froese & Pauly, 2000","Y","","","migratory","IUCN, 2020","spring+ two months",NA,"NatureServe, 2020;Meyers et al., 2015","unk","","Azenor/Nikki","6205","Meyers et al., 2015"
"Ambloplites","rupestris","730","Meyers et al., 2015","730","Meyers et al., 2015","Y","1-10","Sabat, 1994;MacLean & Teleki, 1977",NA,NA,"43","Froese & Pauly, 2000","15.4","Froese & Pauly, 2000","15.4","Froese & Pauly, 2000","Y","none","Meyers et al., 2015","migratory","NatureServe, 2020","spring",NA,"MacLean & Teleki, 1977","28.26","MacLean & Teleki, 1977","Sarah/Nikki","2920","Meyers et al., 2015;Froese & Pauly, 2000"
"Lepomis","cyanellus","1095","Meyers et al., 2015","1095","NatureServe, 2020","Y","0-1","Smithson & Johnston, 1999",NA,NA,"31","Froese & Pauly, 2000","20","Froese & Pauly, 2000","20","Froese & Pauly, 2000","Y","","","non-migratory","NatureServe, 2020",NA,NA,"","0.00139","Berra & Gunning, 1973","Sarah/Nikki","3285","De Magalhães & Costa, 2009"
"Lepomis","gibbosus","730","Meyers et al., 2015","730","W. B. Scott & Crossman, 1973","","0-1","McCairns & Fox, 2004",NA,NA,"40","Froese & Pauly, 2000","9.9","Froese & Pauly, 2000","9.9","Froese & Pauly, 2000","Y","","","non-migratory","NatureServe, 2020",NA,NA,"","1-3","McCairns & Fox, 2004","Sarah/Nikki","4380","Eakins, 2020b"
"Lepomis","macrochirus","730","Peterson et al., 2010","730","Peterson et al., 2010","Y","1-10","Hohausová et al., 2010",NA,NA,"41","Froese & Pauly, 2000","19.1","Froese & Pauly, 2000","19.1","Froese & Pauly, 2000","Y","","","non-migratory","NatureServe, 2020",NA,NA,"","0.00003","Bluegill, n.d.","Sarah/Nikki","3650","De Magalhães & Costa, 2009"
"Lepomis","megalotis","1095","https://www.dec.ny.gov/docs/wildlife_pdf/lesunfishrpt.pdf","1095","https://www.dec.ny.gov/docs/wildlife_pdf/lesunfishrpt.pdf","Y","0-1","Smithson & Johnston, 1999",NA,NA,"24","Froese & Pauly, 2000","11.5","Froese & Pauly, 2000","11.5","Froese & Pauly, 2000","Y","","","non-migratory","Fentress et al., 2006",NA,NA,"","0.00139-0.012","Berra & Gunning, 1973","Sarah/Nikki","2190","Meyers et al., 2015;De Magalhães & Costa, 2009"
"Micropterus","punctulatus","730","NatureServe, 2020","730","NatureServe, 2020","Y","10-100","Hunter & Maceina, 2008",NA,NA,"63.5","Froese & Pauly, 2000","30","Froese & Pauly, 2000","30","Froese & Pauly, 2000","Y","","","non-migratory","NatureServe, 2020",NA,NA,"","0.006-0.036","Hunter & Maceina, 2008","Nikki","2555","Froese & Pauly, 2000"
"Pomoxis","annularis","730","Meyers et al., 2015","730","Meyers et al., 2015","","0-1","Markham et al., 1991",NA,NA,"53","Froese & Pauly, 2000","25","Froese & Pauly, 2000","25","Froese & Pauly, 2000","Y","none","NatureServe, 2020","non-migratory","NatureServe, 2020",NA,NA,"","0.0056-0.0125","Meyers et al., 2015","Sarah/Nikki","3650","Meyers et al., 2015"
"Pomoxis","nigromaculatus","730","Nelson, 1974;Meyers et al., 2015","730","Meyers et al., 2015;Nelson, 1974","Y","0-1","Guy et al., 1992",NA,NA,"49","Froese & Pauly, 2000","27.5","Froese & Pauly, 2000","27.5","Froese & Pauly, 2000","Y","","","non-migratory","IUCN, 2020",NA,NA,"","kunk","Guy et al., 1992","Nikki","5475","Meyers et al., 2015"
"Lates","calcarifer","730","Meyers et al., 2015;Froese & Pauly, 2000","730","Meyers et al., 2015","","10-100","D. J. Russell & Garrett, 1988;Chenoweth et al., 1998;Moore & Reynold, 1982",NA,NA,"200","Froese & Pauly, 2000","","","","","","","","migratory","IUCN, 2020","October/Novermber/December/January/February","October/Novermber/December/January/February","Moore & Reynold, 1982;Meyers et al., 2015","unk","","Nikki","7300","Balston, 2009"
"Gymnocharacinus","bergii","365","Cussac & Ortubay, 2002","365","Cussac & Ortubay, 2002","Y","0-1","IUCN, 2020;Cussac & Ortubay, 2002",NA,NA,"7.5","Froese & Pauly, 2000","","","","","","","","non-migratory","IUCN, 2020",NA,NA,"","0.5","IUCN, 2020","Nikki","2190","Cussac & Ortubay, 2002"
"Etroplus","suratensis","210","Shubodha, 2012","210","Shubodha, 2012","Y","1-10","Chandrasekar et al., 2019;Bindu & Padmakumar, 2016",NA,NA,"40","Froese & Pauly, 2000","20","Froese & Pauly, 2000","20","Froese & Pauly, 2000","Y","none","Froese & Pauly, 2000","kunk","IUCN, 2020",NA,NA,"","0.000041-0.000081","Mohideen et al., 2014","Nikki","2555","Pon Saravana Karman et al., 2014"
"Cottus","gobio","730","IUCN, 2020","730","IUCN, 2020","Y","0-1","Hänfling et al., 2002",NA,NA,"18","Froese & Pauly, 2000","10","Froese & Pauly, 2000","10","Froese & Pauly, 2000","Y","","","non-migratory","Fischer & Kummer, 2000",NA,NA,"","","Hänfling et al., 2002","Nikki","3650","Froese & Pauly, 2000"
"Carassius","carassius","547.5","Tarkan et al., 2016","547.5","Tarkan et al., 2016","","unk","",NA,NA,"64","Froese & Pauly, 2000","15","Froese & Pauly, 2000","15","Froese & Pauly, 2000","Y","winter+dry","Froese & Pauly, 2000","non-migratory","Froese & Pauly, 2000",NA,NA,"","unk","","Nikki","3650","Froese & Pauly, 2000"
"Chrosomus","erythrogaster","365","NatureServe, 2020","365","NatureServe, 2020","","0-1","Walker et al., 2013",NA,NA,"9.1","Froese & Pauly, 2000","5.8","Froese & Pauly, 2000","5.8","Froese & Pauly, 2000","Y","","","non-migratory","IUCN, 2020",NA,NA,"","","Walker et al., 2013","Nikki","1095","Froese & Pauly, 2000;NatureServe, 2020"
"Cyprinella","lutrensis","365","NatureServe, 2020","365","NatureServe, 2020","","unk","",NA,NA,"9","Froese & Pauly, 2000","5","Froese & Pauly, 2000","5","Froese & Pauly, 2000","Y","","","non-migratory","IUCN, 2020",NA,NA,"","unk","","Nikki","1095","Froese & Pauly, 2000"
"Cyprinella","spiloptera","365","NatureServe, 2020","365","NatureServe, 2020","","unk","",NA,NA,"12","Froese & Pauly, 2000","7.7","Froese & Pauly, 2000","7.7","Froese & Pauly, 2000","Y","","","non-migratory","IUCN, 2020",NA,NA,"","unk","","Nikki","1825","NatureServe, 2020;Froese & Pauly, 2000"
"Danio","rerio","90","Singleman & Holtzman, 2014","90","Singleman & Holtzman, 2014","","unk","",NA,NA,"3.8","Froese & Pauly, 2000","","","","","","none","Froese & Pauly, 2000","non-migratory","Braithwaite & De Perera, 2006",NA,NA,"","unk","","Nikki","365","IUCN, 2020"
"Gobio","gobio","365","IUCN, 2020","365","IUCN, 2020","Y","0-1","Stott, 1967",NA,NA,"21","Froese & Pauly, 2000","12","Froese & Pauly, 2000","12","Froese & Pauly, 2000","Y","","","non-migratory","Flammarion et al., 1999",NA,NA,"","0.84","Stott, 1967;Stott, 1967","Nikki","1825","IUCN, 2020"
"Hybognathus","placitus","365","C. M. Taylor & Miller, 1990","365","C. M. Taylor & Miller, 1990","Y","100+","Osterhaus & Martin, 2019",NA,NA,"13","Froese & Pauly, 2000","7","Froese & Pauly, 2000","7","Froese & Pauly, 2000","Y","","","non-migratory","IUCN, 2020",NA,NA,"","unk","","Nikki","730","C. M. Taylor & Miller, 1990"
"Hypophthalmichthys","nobilis","1825","IUCN, 2020","1825","IUCN, 2020","Y","100+","L. M. Peters et al., 2006",NA,NA,"146","Froese & Pauly, 2000","60","Froese & Pauly, 2000","60","Froese & Pauly, 2000","Y","","","migratory","IUCN, 2020","late spring/early summer","late spring/early summer","L. M. Peters et al., 2006;Froese & Pauly, 2000","unk","","Nikki","7300","Froese & Pauly, 2000"
"Luxilus","chrysocephalus","730","Eakins, 2020c","730","Eakins, 2020c","Y","0-1","Lonzarich et al., 2000",NA,NA,"24","Froese & Pauly, 2000","8.3","Froese & Pauly, 2000","8.3","Froese & Pauly, 2000","Y","","","non-migratory","IUCN, 2020",NA,NA,"","0.00817","Lonzarich et al., 2000","Nikki","2190","Simmons & Beckman, 2012"
"Luxilus","cornutus","730","Wichert & Rapport, 1998","730","Wichert & Rapport, 1998","Y","unk","",NA,NA,"18","Froese & Pauly, 2000","8.3","Froese & Pauly, 2000","8.3","Froese & Pauly, 2000","Y","","","non-migratory","IUCN, 2020",NA,NA,"","unk","","Nikki","2190","Froese & Pauly, 2000"
"Notemigonus","crysoleucas","730","Wichert & Rapport, 1998","730","Wichert & Rapport, 1998","Y","unk","",NA,NA,"32","Froese & Pauly, 2000","14.4","Froese & Pauly, 2000","14.4","Froese & Pauly, 2000","Y","","","non-migratory","IUCN, 2020",NA,NA,"","unk","","Nikki","3285","Meyers et al., 2015;Froese & Pauly, 2000"
"Notropis","atherinoides","365","Wichert & Rapport, 1998","365","Wichert & Rapport, 1998","Y","unk","",NA,NA,"13","Froese & Pauly, 2000","8.6","Froese & Pauly, 2000","8.6","Froese & Pauly, 2000","Y","","","non-migratory","IUCN, 2020",NA,NA,"","unk","","Nikki","1825","Huenemann et al., 2015"
"Notropis","hudsonius","365","NatureServe, 2020;Peer, 1966","365","NatureServe, 2020;Peer, 1966","Y","0-1","Choy et al., 2008",NA,NA,"15","Froese & Pauly, 2000","9","Froese & Pauly, 2000","9","Froese & Pauly, 2000","Y","","","non-migratory","IUCN, 2020",NA,NA,"","0.79","Happel et al., 2015","Nikki","1825","Peer, 1966"
"Notropis","rubellus","365","Wichert & Rapport, 1998","365","Wichert & Rapport, 1998","Y","unk","",NA,NA,"9","Froese & Pauly, 2000","6.7","Froese & Pauly, 2000","6.7","Froese & Pauly, 2000","Y","","","non-migratory","IUCN, 2020",NA,NA,"","unk","","Nikki","1095","Froese & Pauly, 2000"
"Notropis","stramineus","730","Peer, 1966","730","Peer, 1966","Y","unk","",NA,NA,"8.2","Froese & Pauly, 2000","4.4","Froese & Pauly, 2000","4.4","Froese & Pauly, 2000","Y","","","non-migratory","IUCN, 2020",NA,NA,"","unk","","Nikki","1095","Huenemann et al., 2015"
"Pimephales","notatus","365","NatureServe, 2020","730","NatureServe, 2020","","10-100","Jacquemin et al., 2013;Froese & Pauly, 2000",NA,NA,"11","Froese & Pauly, 2000","6.5","Froese & Pauly, 2000","6.5","Froese & Pauly, 2000","Y","","","non-migratory","IUCN, 2020",NA,NA,"","unk","","Nikki","1825","Meyers et al., 2015;Froese & Pauly, 2000"
"Rhinichthys","osculus","730","NatureServe, 2020;Peden & Hughes, 1981","unk","","","1-10","Robinson et al., 1998",NA,NA,"11","Froese & Pauly, 2000","6.3","Froese & Pauly, 2000","6.3","Froese & Pauly, 2000","Y","","","non-migratory","IUCN, 2020",NA,NA,"","unk","","Nikki","2190","NatureServe, 2020"
"Siphateles","bicolor","730","NatureServe, 2020","730","NatureServe, 2020","","unk","",NA,NA,"45","Froese & Pauly, 2000","","","","","","","","non-migratory","IUCN, 2020",NA,NA,"","unk","","Nikki","13140","Finger & May, 2015"
"Squalius","cephalus","1460","IUCN, 2020","730","IUCN, 2020","","1-10","Říha et al., 2013;Fredrich et al., 2003",NA,NA,"60","Froese & Pauly, 2000","30","Froese & Pauly, 2000","30","Froese & Pauly, 2000","Y","","","migratory","IUCN, 2020","April/May/June",NA,"Fredrich et al., 2003;Filipović Marijić & Raspor, 2014","0.0000126-0.79","Fredrich et al., 2003","Nikki","5475","IUCN, 2020"
"Cyprinodon","bovinus","unk","","unk","","Y","unk","",NA,NA,"5.6","Froese & Pauly, 2000","3.8","Froese & Pauly, 2000","3.8","Froese & Pauly, 2000","Y","kunk","S. E. Kennedy, 1977","non-migratory","IUCN, 2020",NA,NA,"","unk","","Nikki","690","NatureServe, 2020"
"Cyprinodon","dearborni","90","Kristensen, 1970","90","Kristensen, 1970","Y","unk","",NA,NA,"4","Froese & Pauly, 2000;Debrot, 2003","","","","","","none","Froese & Pauly, 2000","non-migratory","Kristensen, 1970",NA,NA,"","unk","","Nikki","unk",""
"Cyprinodon","nevadensis","28","NatureServe, 2020","28","NatureServe, 2020","Y","unk","",NA,NA,"7.8","Froese & Pauly, 2000;Debrot, 2003","4.5","Froese & Pauly, 2000;   (Debrot+ A. O. (2003). A review of the freshwater fishes of Curaçao+ with comments on those of Aruba and Bonaire. Caribbean Journal of Science+ 39(1)+ 100-108.)","4.5","Froese & Pauly, 2000; Debrot, 2003","Y","","","non-migratory","IUCN, 2020",NA,NA,"","unk","","Nikki","365","Gerking & Lee, 1982"
"Gobiomorphus","basalis","365","IUCN, 2020","365","IUCN, 2020","Y","unk","",NA,NA,"9","Froese & Pauly, 2000","","","","","","","","non-migratory","IUCN, 2020",NA,NA,"","unk","","Nikki","2920","IUCN, 2020"
"Gobiomorphus","cotidianus","365","IUCN, 2020","365","IUCN, 2020","Y","1-10","Van Den Heuvel et al., 2007;Landman et al., 2010",NA,NA,"15","Froese & Pauly, 2000","","","","","","","","migratory","IUCN, 2020","winter",NA,"Michel et al., 2008","unk","","Nikki","1825","IUCN, 2020"
"Fundulus","diaphanus","365","Phillips et al., 2007","unk","","","unk","",NA,NA,"13","Froese & Pauly, 2000","6.3","Froese & Pauly, 2000","6.3","Froese & Pauly, 2000","Y","","","non-migratory","IUCN, 2020",NA,NA,"","unk","","Nikki","1580","Phillips et al., 2007"
"Fundulus","heteroclitus","365","NatureServe, 2020","365","NatureServe, 2020","Y","1-10","Fritz et al., 1975;D. R. Brown et al., 2016",NA,NA,"15","Froese & Pauly, 2000","8.9","Froese & Pauly, 2000","8.9","Froese & Pauly, 2000","Y","kunk","Skinner et al., 2005;IUCN, 2020","non-migratory","IUCN, 2020",NA,NA,"","0.00407-0.13","Skinner et al., 2005;Hoff, 1985;Lotrich, 1975","Nikki","1580","Kneib & Stiven, 1978;Froese & Pauly, 2000"
"Fundulus","notatus","365","NatureServe, 2020","365","NatureServe, 2020","Y","0-1","Alldredge et al., 2011",NA,NA,"8","Froese & Pauly, 2000","5.8","Froese & Pauly, 2000","5.8","Froese & Pauly, 2000","Y","none","NatureServe, 2020","non-migratory","IUCN, 2020",NA,NA,"","unk","","Nikki","1095","Mandrak & Holm, 2001"
"Gobiesox","strumosus","150","Runyan, 1961","unk","","Y","unk","",NA,NA,"8","Froese & Pauly, 2000","","","","","","none","Froese & Pauly, 2000","non-migratory","Saksena & Joseph, 1972",NA,NA,"","unk","","Nikki","unk",""
"Bathygobius","fuscus","unk","","unk","","","0-1","Taru et al., 2002",NA,NA,"12","Froese & Pauly, 2000","","","","","","none","Froese & Pauly, 2000","non-migratory","M. Y. Chang et al., 2006",NA,NA,"","unk","","Nikki","1460","Takegaki et al., 2012"
"Bathygobius","ramosus","unk","","unk","","","unk","",NA,NA,"20","Froese & Pauly, 2000","12","Froese & Pauly, 2000","12","Froese & Pauly, 2000","Y","none","Froese & Pauly, 2000","unk","",NA,NA,"","unk","","Nikki","unk",""
"Gobiosoma","chiquita","unk","","unk","","","0-1","Clobert et al., 1998",NA,NA,"6.5","Froese & Pauly, 2000","","","","","","","","non-migratory","Stahl, 1975",NA,NA,"","unk","","Nikki","unk",""
"Haemulon","flavolineatum","450","IUCN, 2020;Munro, 1983","450","IUCN, 2020;Munro, 1983","Y","10-100","IUCN, 2020",NA,NA,"30","Froese & Pauly, 2000","17","Froese & Pauly, 2000","17","Froese & Pauly, 2000","Y","","","non-migratory","Cocheret De La Morinière et al., 2002",NA,NA,"","2.01-8.04","Munro, 1983","Nikki","kunk","McDougall et al., 2019"
"Ameiurus","catus","1095","NatureServe, 2020","1095","NatureServe, 2020","Y","1-10","Hayes et al., 2017",NA,NA,"95","Froese & Pauly, 2000","30.5","Froese & Pauly, 2000","30.5","Froese & Pauly, 2000","Y","","","non-migratory","IUCN, 2020",NA,NA,"","unk","","Nikki","5110","De Magalhães & Costa, 2009"
"Ameiurus","nebulosus","1095","NatureServe, 2020","1095","NatureServe, 2020","Y","1-10","Sakaris et al., 2005",NA,NA,"55","Froese & Pauly, 2000","25","Froese & Pauly, 2000","25","Froese & Pauly, 2000","Y","winter","NatureServe, 2020;Froese & Pauly, 2000","non-migratory","IUCN, 2020",NA,NA,"","0.045-0.197","Sakaris et al., 2005","Nikki","3285","NatureServe, 2020;Froese & Pauly, 2000"
"Ictalurus","punctatus","730","Froese & Pauly, 2000","730","Froese & Pauly, 2000","Y","100+","Welker, 1967;NatureServe, 2020",NA,NA,"132","Froese & Pauly, 2000","57","Froese & Pauly, 2000","57","Froese & Pauly, 2000","Y","none","Cooke & McKinley, 1999","non-migratory","IUCN, 2020",NA,NA,"","kunk","Meyers et al., 2015","Nikki","8760","Meyers et al., 2015;Froese & Pauly, 2000"
"Kuhlia","sandvicensis","unk","","unk","","","unk","",NA,NA,"25","Froese & Pauly, 2000","","","","","","none","Froese & Pauly, 2000","migratory","Poepoe et al., 2003","February/March/April",NA,"Poepoe et al., 2003","unk","","Nikki","unk",""
"Morone","saxatilis","1460","IUCN, 2020","730","IUCN, 2020","","1-10","Secor et al., 1995;Ng et al., 2007;Eldridge, 1988",NA,NA,"200","Froese & Pauly, 2000","120","Froese & Pauly, 2000","120","Froese & Pauly, 2000","Y","none","Cooke & McKinley, 1999","migratory","IUCN, 2020","late winter-early spring","late winter-early spring","Eldridge, 1988;IUCN, 2020;Meyers et al., 2015","0.025446-","Ng et al., 2007","Nikki","10950","Meyers et al., 2015;Froese & Pauly, 2000"
"Chelon","subviridis","365","Al‐Daham & Wahab, 1991","365","Al‐Daham & Wahab, 1991","Y","10-100","Saha & Kabir, 2015",NA,NA,"40","Froese & Pauly, 2000","25","Froese & Pauly, 2000","25","Froese & Pauly, 2000","Y","","","non-migratory","C. W. Chang & Iizuka, 2012",NA,NA,"","unk","","Nikki","2190","Al‐Daham & Wahab, 1991"
"Gobionotothen","gibberifrons","2190","IUCN, 2020","unk","","","100+","Matschiner et al., 2009",NA,NA,"55","Froese & Pauly, 2000","40","Froese & Pauly, 2000","40","Froese & Pauly, 2000","Y","none","North, 2001","non-migratory","Marschoff et al., 2012",NA,NA,"","unk","","Nikki","4380","Marschoff et al., 2012"
"Notothenia","coriiceps","2555","Calì et al., 2017","2555","Calì et al., 2017","","100+","Kellermann, 1991",NA,NA,"62","Froese & Pauly, 2000","50","Froese & Pauly, 2000","50","Froese & Pauly, 2000","Y","June - Oct","H. A. Campbell et al., 2008","unk","",NA,NA,"","0.00018","Zamzow et al., 2011","Nikki","6570","Calì et al., 2017"
"Pagothenia","borchgrevinki","1460","Pankhurst, 1990","1095","Pankhurst, 1990","","unk","",NA,NA,"28","Froese & Pauly, 2000","","","","","","none","North, 2001","unk","",NA,NA,"","unk","","Nikki","2555","El-Sayed, 1994"
"Trematomus","hansoni","2555","M. La Mesa & Vacchi, 2001","2555","M. La Mesa & Vacchi, 2001","Y","100+","A. P. Van de Putte et al., 2012",NA,NA,"41","Froese & Pauly, 2000","25","Froese & Pauly, 2000","25","Froese & Pauly, 2000","Y","","","non-migratory","Somero & DeVries, 1967",NA,NA,"","unk","","Nikki","7300","M. La Mesa & Vacchi, 2001"
"Hypomesus","transpacificus","365","Swanson et al., 2000","365","Swanson et al., 2000","Y","10-100","Moyle et al., 1991;Sommer et al., 2011",NA,NA,"12","Froese & Pauly, 2000","6.3","Froese & Pauly, 2000","6.3","Froese & Pauly, 2000","Y","none","Swee J. Teh, 2007","migratory","Sommer et al., 2011","winter",NA,"Sommer et al., 2011","unk","","Nikki","730","Froese & Pauly, 2000;NatureServe, 2020"
"Osmerus","mordax","365","Murawski & Cole, 1978","365","Murawski & Cole, 1978","","100+","Bradbury et al., 2008;Enterline, 2013;Froese & Pauly, 2000",NA,NA,"35.6","Froese & Pauly, 2000","","","","","","","","migratory","IUCN, 2020","3 months around April/May","3 months around April/May","Froese & Pauly, 2000;IUCN, 2020;Jilek et al., 1979","unk","","Nikki","2555","Froese & Pauly, 2000"
"Etheostoma","caeruleum","365","Marjan et al., 2017","365","Marjan et al., 2017","Y","0-1","Hicks & Servos, 2017;Sommer et al., 2011",NA,NA,"7.7","Froese & Pauly, 2000","5.3","Froese & Pauly, 2000","5.3","Froese & Pauly, 2000","Y","","","non-migratory","IUCN, 2020",NA,NA,"","0.00196-0.00785","Hicks & Servos, 2017","Nikki","1095","Froese & Pauly, 2000"
"Etheostoma","flabellare","365","NatureServe, 2020","365","NatureServe, 2020","Y","0-1","Klein, 2001;Lngersoll et al., 1984;IUCN, 2020",NA,NA,"8.4","Froese & Pauly, 2000","5.2","Froese & Pauly, 2000","5.2","Froese & Pauly, 2000","Y","","","non-migratory","IUCN, 2020",NA,NA,"","0.0000283","Lngersoll et al., 1984","Nikki","1580","Froese & Pauly, 2000"
"Etheostoma","nigrum","365","NatureServe, 2020","365","NatureServe, 2020","Y","0-1","Lngersoll et al., 1984;Klein, 2001;IUCN, 2020",NA,NA,"7.2","Froese & Pauly, 2000","3.9","Froese & Pauly, 2000","3.9","Froese & Pauly, 2000","Y","","","non-migratory","IUCN, 2020",NA,NA,"","0.0000283","Lngersoll et al., 1984","Nikki","1580","Froese & Pauly, 2000"
"Etheostoma","spectabile","365","NatureServe, 2020","365","NatureServe, 2020","Y","0-1","Lngersoll et al., 1984;IUCN, 2020",NA,NA,"7.2","Froese & Pauly, 2000","4.7","Froese & Pauly, 2000","4.7","Froese & Pauly, 2000","Y","","","non-migratory","IUCN, 2020",NA,NA,"","0.0000283","Lngersoll et al., 1984","Nikki","730","R. J. Edwards, 1977"
"Gymnocephalus","cernua","365","IUCN, 2020","365","IUCN, 2020","Y","1-10","Gutsch & Hoffman, 2016",NA,NA,"25","Froese & Pauly, 2000","12","Froese & Pauly, 2000","12","Froese & Pauly, 2000","Y","","","migratory","Gutsch & Hoffman, 2016","August/September/October/November/December/January/February/March/April",NA,"Gutsch & Hoffman, 2016;Popova et al., 1998","unk","","Nikki","4015","NatureServe, 2020"
"Perca","flavescens","1095","NatureServe, 2020","730","NatureServe, 2020","","10-100","Glover et al., 2008;Brodnik et al., 2015",NA,NA,"50","Froese & Pauly, 2000","19.1","Froese & Pauly, 2000","19.1","Froese & Pauly, 2000","Y","","","non-migratory","IUCN, 2020",NA,NA,"","2587.7-10861.87","Glover et al., 2008","Nikki","4015","Froese & Pauly, 2000"
"Sander","vitreus","1095","NatureServe, 2020","730","NatureServe, 2020","","100+","Hayden et al., 2018;Kirby et al., 2017;Backhouse-James & Docker, 2012; NatureServe, 2020",NA,NA,"107","Froese & Pauly, 2000","54","Froese & Pauly, 2000","54","Froese & Pauly, 2000","Y","","","migratory","IUCN, 2020","spring","spring","NatureServe, 2020","0.679-3","Kirby et al., 2017","Nikki","10585","Froese & Pauly, 2000"
"Heterandria","formosa","44","Ala-Honkola et al., 2011","95","Ala-Honkola et al., 2011","","100+","Baer, 1998;Leips et al., 2013",NA,NA,"3.6","Froese & Pauly, 2000","2.1","Froese & Pauly, 2000","2.1","Froese & Pauly, 2000","Y","","","non-migratory","IUCN, 2020",NA,NA,"","unk","","Nikki","120","Soucy & Travis, 2003"
"Abudefduf","saxatilis","1825","Bessa et al., 2007","1825","Bessa et al., 2007","Y","10-100","Wellington & Victor, 1989",NA,NA,"22.9","Froese & Pauly, 2000","15","Froese & Pauly, 2000","15","Froese & Pauly, 2000","Y","","","non-migratory","IUCN, 2020",NA,NA,"","unk","","Nikki","1825","Sergeant Major (Abudefduf saxatilis), n.d."
"Coregonus","artedi","365","Meyers et al., 2015","365","Meyers et al., 2015","Y","10-100","E. M. George et al., 2018;Oyadomari & Auer, 2008;Meyers et al., 2015",NA,NA,"57","Froese & Pauly, 2000","29.3","Froese & Pauly, 2000","29.3","Froese & Pauly, 2000","Y","","","migratory","IUCN, 2020","winter(including Nov and Dec)",NA,"Meyers et al., 2015;Morin et al., 1981","unk","","Nikki","4745","Meyers et al., 2015"
"Coregonus","clupeaformis","365","NatureServe, 2020","365","NatureServe, 2020","Y","10-100","Ebener & Copes, 1985;Meyers et al., 2015",NA,NA,"100","Froese & Pauly, 2000","54.1","Froese & Pauly, 2000","54.1","Froese & Pauly, 2000","Y","","","non-migratory","NatureServe, 2020",NA,NA,"","32.55","O. H. Smith & Van Oosten, 1940;Rennie et al., 2012","Nikki","18250","Meyers et al., 2015"
"Oncorhynchus","mykiss","1095","Froese & Pauly, 2000","730","Froese & Pauly, 2000","","0-1","Bridger et al., 2001;NatureServe, 2020",NA,NA,"122","Froese & Pauly, 2000","60","Froese & Pauly, 2000","60","Froese & Pauly, 2000","Y","","","migratory","NatureServe, 2020","spring","spring","NatureServe, 2020","0.005-0.135","Blanchfield et al., 2009","Nikki","4015","Froese & Pauly, 2000;NatureServe, 2020"
"Salmo","trutta","1095","Froese & Pauly, 2000","1095","Froese & Pauly, 2000","","10-100","Jensen et al., 2015;Berg & Berg, 1987",NA,NA,"140","Froese & Pauly, 2000","72","Froese & Pauly, 2000","72","Froese & Pauly, 2000","Y","","","migratory","IUCN, 2020","May-October",NA,"Saraniemi et al., 2008;IUCN, 2020","0.00009","Bridcut & Giller, 1993","Nikki","13870","NatureServe, 2020"
"Thymallus","arcticus","1095","NatureServe, 2020","1095","NatureServe, 2020","Y","1-10","Buzby & Deegan, 2000;Meyers et al., 2015",NA,NA,"76","Froese & Pauly, 2000","34.3","Froese & Pauly, 2000","34.3","Froese & Pauly, 2000","Y","","","migratory","IUCN, 2020","April-Aug/Sept","April-Aug/Sept","“Arctic grayling,” n.d.;Meyers et al., 2015;IUCN, 2020","0.05-0.071","Nykänen et al., 2004","Nikki","6570","Froese & Pauly, 2000;NatureServe, 2020"
"Scatophagus","argus","365","Gupta, 2016","365","Gupta, 2016","Y","1-10","Cai et al., 2010",NA,NA,"38","Froese & Pauly, 2000","20","Froese & Pauly, 2000","20","Froese & Pauly, 2000","Y","","","non-migratory","Wongchinawit & Paphavasit, 2009",NA,NA,"","unk","","Nikki","4380","Green Scat (Scatophagus argus), n.d."
"Aplodinotus","grunniens","730","NatureServe, 2020","730","NatureServe, 2020","","1-10","NatureServe, 2020;Meyers et al., 2015",NA,NA,"95","Froese & Pauly, 2000","45","Froese & Pauly, 2000","45","Froese & Pauly, 2000","Y","","","non-migratory","IUCN, 2020",NA,NA,"","unk","","Nikki","4745","Froese & Pauly, 2000;NatureServe, 2020"
"Diplodus","vulgaris","730","IUCN, 2020","730","IUCN, 2020","Y","1-10","Jug-Dujaković & Glamuzina, 1988",NA,NA,"45","Froese & Pauly, 2000","22","Froese & Pauly, 2000","22","Froese & Pauly, 2000","Y","","","non-migratory","Gonçalves & Erzini, 2000;Abecasis et al., 2009",NA,NA,"","0.023786-0.042134","Abecasis et al., 2009","Nikki","7300","IUCN, 2020"
"Terapon","jarbua","2555","Fortaleza et al., 2019","2372.5","Fortaleza et al., 2019","","10-100","Liu et al., 2015",NA,NA,"36","Froese & Pauly, 2000","25","Froese & Pauly, 2000","25","Froese & Pauly, 2000","Y","","","unk","",NA,NA,"","unk","","Nikki","3650","Targetfish (Terapon jarbua), n.d."
"Sphoeroides","annulatus","unk","","unk","","","unk","",NA,NA,"44","Froese & Pauly, 2000","18","Froese & Pauly, 2000","18","Froese & Pauly, 2000","Y","","","unk","",NA,NA,"","unk","","Nikki","5475","Bullseye Puffer (Sphoeroides annulatus), n.d."
"Retropinna","retropinna","365","IUCN, 2020;McDowall & Whitaker, 1975","365","IUCN, 2020;McDowall & Whitaker, 1975","Y","1-10","C. J. McDowall, 2016",NA,NA,"8.6","Froese & Pauly, 2000","","","","","","","","migratory","IUCN, 2020",NA,NA,"","unk","","Jenn/Nikki","1460","IUCN, 2020"
"Gasterosteus","aculeatus","365","IUCN, 2020","365","IUCN, 2020","Y","0-1","Ward et al., 2013;Saimoto, 1993;E. B. Taylor & McPhail, 1986",NA,NA,"11","Froese & Pauly, 2000","5.1","Froese & Pauly, 2000","5.1","Froese & Pauly, 2000","Y","","","migratory","IUCN, 2020","March-April","March-April","","unk","","Jenn/Nikki","2920","Froese & Pauly, 2000"
"Zoarces","viviparus","365","Froese & Pauly, 2000","unk","","","10-100","Bergek et al., 2012;Simonsen & Strand, 2010",NA,NA,"52","Froese & Pauly, 2000","30","Froese & Pauly, 2000","30","Froese & Pauly, 2000","Y","","","non-migratory","Simonsen & Strand, 2010",NA,NA,"","10-100km","Simonsen & Strand, 2010","Jenn/Nikki","5110","IUCN, 2020"
"Oncorhynchus","clarkii","1095","De Magalhães & Costa, 2009","1095","De Magalhães & Costa, 2009","","1-10","Losee et al., 2018",NA,NA,"99","Froese & Pauly, 2000","","","","","","","","migratory","Crocker, 1995","July-September",NA,"Crocker, 1995","15","Cutthroat trout, n.d.;Losee et al., 2018","Joanne/Jenn","2920","Meyers et al., 2015;Froese & Pauly, 2000"
"Anaxyrus","boreas","1460","Oliveira et al., 2017","1460","Oliveira et al., 2017","Y","1-10","Wind & Dupuis, 2002",NA,NA,"12.5","Oliveira et al., 2017","","","","","","winter","AmphibiaWeb, 2020","non-migratory","",NA,NA,"","0.043558-0.046185","Wind & Dupuis, 2002","Nikki","4197.5","Oliveira et al., 2017"
"Anaxyrus","cognatus","730","Oliveira et al., 2017","730","Oliveira et al., 2017","Y","1-10","AmphibiaWeb, 2020",NA,NA,"11.4","Oliveira et al., 2017","","","","","","winter","AmphibiaWeb, 2020","non-migratory","",NA,NA,"","1.19","AmphibiaWeb, 2020","Nikki","3890","AmphibiaWeb, 2020;Oliveira et al., 2017"
"Anaxyrus","woodhousii","730","Oliveira et al., 2017","730","Oliveira et al., 2017","Y","0-1","NatureServe, 2020;AmphibiaWeb, 2020",NA,NA,"12.7","Oliveira et al., 2017","","","","","","winter","NatureServe, 2020","non-migratory","",NA,NA,"","kunk","AmphibiaWeb, 2020","Nikki","2920","Oliveira et al., 2017"
"Ascaphus","truei","730","Oliveira et al., 2017","730","Oliveira et al., 2017","Y","0-1","AmphibiaWeb, 2020",NA,NA,"5","Oliveira et al., 2017","","","","","","none","Meyers et al., 2015","non-migratory","",NA,NA,"","0.00031416","AmphibiaWeb, 2020","Nikki","5110","AmphibiaWeb, 2020"
"Buergeria","japonica","1095","Lue & Liou, 2010","730","Lue & Liou, 2010","","0-1","Haramura, 2011",NA,NA,"3.7","Oliveira et al., 2017","3.5","Y. H. Chang et al., 2017","2.5","Y. H. Chang et al., 2017","","","","non-migratory","",NA,NA,"","unk","","Nikki","2190","Lue & Liou, 2010"
"Crinia","parainsignifera","unk","","unk","","","0-1","Bishop-Taylor et al., 2015",NA,NA,"2","Oliveira et al., 2017","","","","","","none","Wassens et al., 2013;Chambers, 2008","non-migratory","",NA,NA,"","unk","","Micky/Nikki","unk",""
"Crinia","parinsignifera","unk","","unk","","","0-1","Bishop-Taylor et al., 2015",NA,NA,"2","Oliveira et al., 2017","","","","","","none","Wassens et al., 2013;Chambers, 2008","non-migratory","",NA,NA,"","unk","","Micky/Nikki","unk",""
"Crinia","signifera","1095","Lauck, 2005a","730","Lauck, 2005a","","0-1","Lauck, 2005b",NA,NA,"3","S. Baker & Lauck, 2006","3.0"," S. Baker & Lauck, 2006","2.5","S. Baker & Lauck, 2006","","none","S. Baker & Lauck, 2006","non-migratory","",NA,NA,"","unk","","Micky/Nikki","2555","Lauck, 2005b"
"Geocrinia","victoriana","unk","","unk","","","unk","",NA,NA,"3.5","Oliveira et al., 2017","","","","","","","","non-migratory","",NA,NA,"","unk","","Nikki","unk",""
"Ranoidea","brevipes","730","https://web.archive.org/web/20061002035356/http://www.frogsaustralia.net.au/frogs/display.cfm?frog_id=119","unk","","","unk","",NA,NA,"4.5","https://web.archive.org/web/20061002035356/http://www.frogsaustralia.net.au/frogs/display.cfm?frog_id=119","","","","","","hot dry","Short-footed frog, n.d.","non-migratory","",NA,NA,"","unk","","ALH","unk",""
"Desmognathus","fuscus","1095","AmphibiaWeb, 2020","730","AmphibiaWeb, 2020","","0-1","Barthalmus & Bellis, 1972;AmphibiaWeb, 2020",NA,NA,"14.2","Oliveira et al., 2017;R. L. Jones, 1986","8.6","Meyers et al., 2015","9.4","Meyers et al., 2015","","none","AmphibiaWeb, 2020","non-migratory","",NA,NA,"","0.0000014-0.000114","Meyers et al., 2015","Micky/Ilona/Nikki","1569.5","Oliveira et al., 2017"
"Desmognathus","monticola","1642","De Magalhães & Costa, 2009","1277","De Magalhães & Costa, 2009","","unk","",NA,NA,"8","AmphibiaWeb, 2020","","","","","","kunk","AmphibiaWeb, 2020","non-migratory","",NA,NA,"","0.00000007-0.0000084","AmphibiaWeb, 2020","Nikki","4015","AmphibiaWeb, 2020"
"Desmognathus","ochrophaeus","730","Oliveira et al., 2017","730","Oliveira et al., 2017","Y","0-1","AmphibiaWeb, 2020",NA,NA,"9.05","Oliveira et al., 2017","","","","","","Oct - Mar","AmphibiaWeb, 2020","non-migratory","",NA,NA,"","0.000001","AmphibiaWeb, 2020","Ilona/Nikki","7300","Oliveira et al., 2017"
"Desmognathus","quadramaculatus","2190","Oliveira et al., 2017","2190","Oliveira et al., 2017","Y","0-1","Cecala & Maerz, 2015",NA,NA,"21","Oliveira et al., 2017","","","","","","kunk","AmphibiaWeb, 2020","non-migratory","",NA,NA,"","0.00117","Camp & Lee, 1996","Ilona/Nikki","5475","Oliveira et al., 2017"
"Eleutherodactylus","coqui","365","Oliveira et al., 2017","365","Oliveira et al., 2017","Y","0-1","Höbel, 2008",NA,NA,"5.2","Oliveira et al., 2017","","","","","","winter","Beachy et al., 2011","non-migratory","",NA,NA,"","0.0000785","AmphibiaWeb, 2020","Micky/Nikki","2190","AmphibiaWeb, 2020;Oliveira et al., 2017"
"Eleutherodactylus","portoricensis","unk","","unk","","","0-1","Longo & Burrowes, 2010",NA,NA,"4.2","Oliveira et al., 2017","3.78","AmphibiaWeb, 2020","3.22","AmphibiaWeb, 2020","","none","Mowbray, n.d.-a","non-migratory","",NA,NA,"","unk","","Nikki","unk",""
"Eurycea","bislineata","1095","Oliveira et al., 2017","1095","Oliveira et al., 2017","Y","0-1","J. E. Johnson & Goldberg, 1975",NA,NA,"12.3","Oliveira et al., 2017","","","","","","winter","Meyers et al., 2015;Ashton & Ashton, 1978","non-migratory","",NA,NA,"","0.000014","Ashton & Ashton, 1978","Micky/Ilona/Nikki","kunk","Caudata - Max Longevity, n.d."
"Eurycea","longicauda","365","Oliveira et al., 2017","365","Oliveira et al., 2017","Y","0-1","Mohr, 1944",NA,NA,"20","Oliveira et al., 2017","","","","","","kunk","AmphibiaWeb, 2020","non-migratory","",NA,NA,"","<1km","Meyers et al., 2015","Micky/Ilona/Nikki","3650","Caudata - Max Longevity, n.d.;Meyers et al., 2015"
"Eurycea","lucifuga","1095","De Magalhães & Costa, 2009","1095","De Magalhães & Costa, 2009","Y","0-1","Hutchison, 1958",NA,NA,"20","Oliveira et al., 2017;D. E. Scott & Petranka, 1999","","","","","","none","AmphibiaWeb, 2020","non-migratory","",NA,NA,"","kunk","AmphibiaWeb, 2020","Micky/Ilona/Nikki","3321.5","Oliveira et al., 2017"
"Hyla","alpina","unk","","unk","","","unk","",NA,NA,"4","“Litoria verreauxi,” 2020","","","","","","","","non-migratory","",NA,NA,"","unk","","Micky","unk",""
"Ranoidea","aurea","182.5","Oliveira et al., 2017","182.5","Oliveira et al., 2017","Y","1-10","A. W. White & Pyke, 2008",NA,NA,"9.39","Oliveira et al., 2017","","","","","","none","Green and golden bell frog, n.d.;Department of Environment and Conservation NSW, 2005","non-migratory","",NA,NA,"","unk","","Nikki","3650","Oliveira et al., 2017"
"Ranoidea","caerulea","730","Meyers et al., 2015","730","Meyers et al., 2015","Y","0-1","Ocock et al., 2014",NA,NA,"10","Oliveira et al., 2017","","","","","","dry","Meyers et al., 2015","non-migratory","",NA,NA,"","0.000207-0.001956","Ocock et al., 2014","Nikki","7300","Oliveira et al., 2017"
"Ranoidea","chloris","1095","Oliveira et al., 2017","1095","Oliveira et al., 2017","Y","unk","",NA,NA,"7","Oliveira et al., 2017","","","","","","","","non-migratory","",NA,NA,"","unk","","Nikki","2190","Oliveira et al., 2017"
"Litoria","ewingii","unk","","unk","","","0-1","Kearney et al., 2015",NA,NA,"5","Oliveira et al., 2017","","","","","","winter","Bazin et al., 2007","non-migratory","",NA,NA,"","unk","","Nikki","unk",""
"Litoria","fallax","unk","","365","Upton et al., 2018","","0-1","Stockwell et al., 2015;Simkins et al., 2011",NA,NA,"3","Eastern dwarf tree frog, n.d.","","","","","","none","Dziminski & Alford, 2005","non-migratory","",NA,NA,"","unk","","Nikki","unk",""
"Ranoidea","gracilenta","unk","","unk","","Y","unk","",NA,NA,"5","Vanderduys, 2019","","","","","","none","Dziminski & Alford, 2005","non-migratory","",NA,NA,"","unk","","Micky/Nikki","unk",""
"Ranoidea","lesueurii","730","Oliveira et al., 2017","730","Oliveira et al., 2017","Y","0-1","Rowley & Alford, 2007",NA,NA,"7","Oliveira et al., 2017","","","","","","","","non-migratory","",NA,NA,"","unk","","Nikki","2555","Oliveira et al., 2017"
"Litoria","peronii","unk","","unk","","","0-1","IUCN, 2020;Parris, 2006",NA,NA,"5.57","Oliveira et al., 2017","","","","","","none","Withers & Hillman, 2001","non-migratory","",NA,NA,"","unk","","Nikki","unk",""
"Ranoidea","phyllochroa","unk","","unk","","","unk","",NA,NA,"4","Oliveira et al., 2017","","","","","","","","non-migratory","",NA,NA,"","unk","","Nikki","unk",""
"Litoria","rothii","unk","","unk","","Y","0-1","Department of the Environment, 2020",NA,NA,"5.5","Oliveira et al., 2017","","","","","","none","Dziminski & Alford, 2005","non-migratory","",NA,NA,"","unk","","Nikki","unk",""
"Litoria","rubella","365","Wassens & Maher, 2011","365","Wassens & Maher, 2011","Y","unk","",NA,NA,"3.5","Oliveira et al., 2017","","","","","","none","Dziminski & Alford, 2005;AmphibiaWeb, 2020","non-migratory","",NA,NA,"","unk","","Nikki","unk",""
"Dryophytes","versicolor","730","De Magalhães & Costa, 2009","730","De Magalhães & Costa, 2009","","0-1","AmphibiaWeb, 2020",NA,NA,"6","Meyers et al., 2015","","","","","","winter ","Meyers et al., 2015","non-migratory","",NA,NA,"","0.049","Roble, 1979","Nikki","2825","AmphibiaWeb, 2020"
"Hyperolius","viridiflavus","120","Meyers et al., 2015","120","Meyers et al., 2015","Y","unk","",NA,NA,"3.4","Oliveira et al., 2017","","","","","","dry","Meyers et al., 2015","non-migratory","",NA,NA,"","kunk","Meyers et al., 2015","Nikki","365","Meyers et al., 2015"
"Limnodynastes","dorsalis","730","https://web.archive.org/web/20080719222308/http://frogsaustralia.net.au/frogs/display.cfm?frog_id=35","unk","","","unk","",NA,NA,"7.3","Oliveira et al., 2017","","","","","","hot","IUCN, 2020","non-migratory","",NA,NA,"","unk","","ALH/Nikki","unk",""
"Limnodynastes","peroni","unk","","unk","","","0-1","Parris, 2006",NA,NA,"7.28","Oliveira et al., 2017","6.5","Meyers et al., 2015","6.5","Meyers et al., 2015","","","","non-migratory","",NA,NA,"","unk","","Nikki","unk",""
"Limnodynastes","peronii","unk","","unk","","","0-1","Parris, 2006",NA,NA,"7.28","Oliveira et al., 2017","6.5","Meyers et al., 2015","6.5","Meyers et al., 2015","","","","non-migratory","",NA,NA,"","unk","","Nikki","unk",""
"Limnodynastes","salmini","unk","","unk","","","unk","",NA,NA,"7.5","Oliveira et al., 2017","","","","","","dry","Ocock, 2018;Tyler & Knight, 2020","non-migratory","",NA,NA,"","unk","","Nikki","unk",""
"Limnodynastes","tasmaniensis","91.25","Oliveira et al., 2017","91.25","Oliveira et al., 2017","Y","0-1","Wilson et al., 2013",NA,NA,"5.05","Oliveira et al., 2017","","","","","","none","Schell, 2002","non-migratory","",NA,NA,"","unk","","Nikki","2190","Schell, 2002"
"Lithobates","berlandieri","1095","Meyers et al., 2015","1095","Meyers et al., 2015","Y","1-10","AmphibiaWeb, 2020",NA,NA,"12","Oliveira et al., 2017","","","","","","winter","AmphibiaWeb, 2020","non-migratory","",NA,NA,"","kunk","Meyers et al., 2015;AmphibiaWeb, 2020","Nikki","kunk","Meyers et al., 2015;AmphibiaWeb, 2020"
"Lithobates","catesbeiana","365","Oliveira et al., 2017","365","Oliveira et al., 2017","Y","1-10","Gahl et al., 2009",NA,NA,"20.3","Oliveira et al., 2017","16.2","AmphibiaWeb, 2020","15.2","AmphibiaWeb, 2020","","winter","Meyers et al., 2015","non-migratory","",NA,NA,"","0.00196","Meyers et al., 2015","Nikki","5840","Oliveira et al., 2017;Meyers et al., 2015"
"Lithobates","pipiens","365","Oliveira et al., 2017","365","Oliveira et al., 2017","Y","0-1","",NA,NA,"16.5","Oliveira et al., 2017","","","","","","winter","Herbert 2002","non-migratory","",NA,NA,"","0.000348-0.001347","Blomquist & Hunter, 2009;Herbert 2002","Micky/Nikki","3285","Herbert 2002;Oliveira et al., 2017"
"Lithobates","sylvaticus","365","Oliveira et al., 2017","365","Oliveira et al., 2017","Y","0-1","Furman et al., 2016",NA,NA,"8.3","Oliveira et al., 2017;Lithobates sylvaticus (LeConte, 1825) -- Wood Frog, n.d.","","","","","","winter","Meyers et al., 2015","non-migratory","",NA,NA,"","0.0000836","Meyers et al., 2015","Micky/Nikki","1898","Oliveira et al., 2017"
"Ranoidea","australis","unk","","unk","","","unk","",NA,NA,"10","Oliveira et al., 2017","","","","","","","","non-migratory","",NA,NA,"","unk","","Nikki","unk",""
"Litoria","bicolor","unk","","unk","","","unk","",NA,NA,"3","Oliveira et al., 2017","","","","","","none","Dziminski & Alford, 2005","non-migratory","",NA,NA,"","unk","","Nikki","unk",""
"Litoria","freycineti","unk","","unk","","","unk","",NA,NA,"4.9","Oliveira et al., 2017","","","","","","","","non-migratory","",NA,NA,"","unk","","Nikki","unk",""
"Litoria","nasuta","unk","","unk","","","1-10","Tyler & Doughty, 2009",NA,NA,"0.82","Tyler & Doughty, 2009","0.36-0.55","Tyler & Doughty, 2009","0.33-0.44","Tyler & Doughty, 2009","","none","Roberts & Edwards, 2018","non-migratory","",NA,NA,"","unk","","Nikki","unk",""
"Litoria","verreauxii","730","Brannelly et al., 2016","730","Brannelly et al., 2016","Y","0-1","Parris, 2006",NA,NA,"3","Oliveira et al., 2017","","","","","","none","IUCN, 2020","non-migratory","",NA,NA,"","unk","","Nikki","2555","Scheele et al., 2019"
"Melanophryniscus","rubriventris","unk","","","","","1-10","Vaira, 2005",NA,NA,"4.5","Oliveira et al., 2017","4.018","Bidau et al., 2011","3.735","Bidau et al., 2011","","","","non-migratory","",NA,NA,"","unk","","Nikki","unk",""
"Mixophyes","fasciolatus","1241","Oliveira et al., 2017","1241","Oliveira et al., 2017","Y","0-1","Schwenke, 2016",NA,NA,"9.7","Oliveira et al., 2017","","","","","","none","Parris, 2002","non-migratory","",NA,NA,"","0.001621-0.006063","Schwenke, 2016","Nikki","1934.5","Oliveira et al., 2017"
"Necturus","maculosus","1825","Oliveira et al., 2017;De Magalhães & Costa, 2009","1825","De Magalhães & Costa, 2009","","0-1","Smith & Green, 2005",NA,NA,"48.6","Oliveira et al., 2017","","","","","","none","Meyers et al., 2015","non-migratory","",NA,NA,"","0.0001361","AmphibiaWeb, 2020","Ilona/Nikki","12410","Oliveira et al., 2017"
"Neobatrachus","pictus","unk","","unk","","","0-1","Carthew et al., 2009",NA,NA,"5","Oliveira et al., 2017","","","","","","summer/dry season","Lee & Mercer, 1967","non-migratory","",NA,NA,"","unk","","Nikki","unk",""
"Notophthalmus","viridescens","182.5","Oliveira et al., 2017","182.5","Oliveira et al., 2017","Y","0-1","Healy, 1975",NA,NA,"14","Oliveira et al., 2017","","","","","","winter+dry","Meyers et al., 2015;AmphibiaWeb, 2020","non-migratory","",NA,NA,"","0.00027","Healy, 1975","Nikki","9125","Oliveira et al., 2017;AmphibiaWeb, 2020"
"Odontophrynus","occidentalis","unk","","unk","","","unk","",NA,NA,"2.87","Oliveira et al., 2017","","","","","","","","non-migratory","",NA,NA,"","unk","","Nikki","unk",""
"Quasipaa","spinosa","unk","","unk","","","0-1","Chan et al., 2014",NA,NA,"12.8","Zheng & Liu, 2010","","","","","","","","non-migratory","",NA,NA,"","0-0.00152","Chan et al., 2014","Nikki","unk",""
"Plethodon","cinereus","365","Oliveira et al., 2017","365","Oliveira et al., 2017","Y","0-1","Ousterhout & Liebgold, 2010",NA,NA,"41.2","Oliveira et al., 2017","7.8","AmphibiaWeb, 2020","7.3","AmphibiaWeb, 2020","","none ","AmphibiaWeb, 2020","non-migratory","",NA,NA,"","0.000104","AmphibiaWeb, 2020","Nikki","9125","Oliveira et al., 2017"
"Plethodon","glutinosus","910","De Magalhães & Costa, 2009","730","Oliveira et al., 2017","","0-1","Wells & Wells, 1976",NA,NA,"6.5","Powders, 1973","","","","","","winter+dry","AmphibiaWeb, 2020;IUCN, 2020;NatureServe, 2020","non-migratory","",NA,NA,"","0.0000065-0.000014","Merchant, 1972","Micky/Ilona/Nikki","1825","AmphibiaWeb, 2020"
"Plethodon","jordani","1825","De Magalhães & Costa, 2009","1095","De Magalhães & Costa, 2009","","0-1","Smith & Green, 2005",NA,NA,"18.4","Oliveira et al., 2017","","","","","","winter","AmphibiaWeb, 2020","non-migratory","",NA,NA,"","0.0000028-0.0000115","Merchant, 1972","Nikki","7227","Oliveira et al., 2017"
"Pseudacris","crucifer","730","Oliveira et al., 2017","730","Oliveira et al., 2017","Y","0-1","Meyers et al., 2015",NA,NA,"3.7","Oliveira et al., 2017","","","","","","winter","Meyers et al., 2015","non-migratory","",NA,NA,"","0.0000012-0.0000055","Meyers et al., 2015","Nikki","1825","Oliveira et al., 2017"
"Pseudacris","regilla","365","Oliveira et al., 2017","365","Oliveira et al., 2017","Y","1-10","Jameson, 1957",NA,NA,"5","Oliveira et al., 2017","","","","","","winter","Yeabsley, 2012;Jameson, 1957","non-migratory","",NA,NA,"","0.13","Jameson, 1957","Nikki","1095","Pacific Treefrog: Pseudacris regilla, n.d."
"Pseudacris","triseriata","120","COSEWIC, 2008","120","COSEWIC, 2008","Y","0-1","Kramer, 1973;COSEWIC, 2008",NA,NA,"3.9","Oliveira et al., 2017","2.56","COSEWIC, 2008","2.47","COSEWIC, 2008","Y","winter","COSEWIC, 2008","non-migratory","",NA,NA,"","0.000641-0.006024","COSEWIC, 2008","Micky/Nikki","1825","Meyers et al., 2015"
"Pseudophryne","bibroni","unk","","unk","","","0-1","Barton, 1981",NA,NA,"3.6","Oliveira et al., 2017","","","","","","winter","Woodruff, 1977","non-migratory","",NA,NA,"","0.00230688","Woodruff, 1977","Nikki","2190","Woodruff, 1977"
"Anolis","roquet","318","Clobert et al., 1998","318","Clobert et al., 1998","Y","0-1","Johansson et al., 2008",NA,NA,"8.6","Walsh, 1992","5.23","Clobert et al., 1998","","","","","","non-migratory","",NA,NA,"","unk","","Nikki","2445.5","De Magalhães & Costa, 2009"
"Takydromus","hsuehshaner","730","Chen et al., 2013","730","Chen et al., 2013","Y","unk","",NA,NA,"7.2","Huang, 1998","","","","","","Oct - Apr","Chen et al., 2013","non-migratory","",NA,NA,"","unk","","Nikki","unk",""
"Oreochromis","mossambicus","171","De Magalhães & Costa, 2009","293","De Magalhães & Costa, 2009","","1-10","Ellender et al., 2008;NatureServe, 2020",NA,NA,"39","Froese & Pauly, 2000","35","Froese & Pauly, 2000","35","Froese & Pauly, 2000","Y","","","non-migratory","Ellender et al., 2008",NA,NA,"","unk","","Joanne/Nikki","4015","Froese & Pauly, 2000"
"Carassius","auratus","270","NatureServe, 2020","270","NatureServe, 2020","","1-10","Beatty et al., 2017",NA,NA,"48","Froese & Pauly, 2000","10","Froese & Pauly, 2000","10","Froese & Pauly, 2000","Y","none","Li et al., 2005","non-migratory","NatureServe, 2020",NA,NA,"","unk","","Joanne/Nikki","14965","Froese & Pauly, 2000"
"Pimephales","promelas","60","De Magalhães & Costa, 2009","60","De Magalhães & Costa, 2009","","1-10","Schlosser, 1995;NatureServe, 2020",NA,NA,"10.1","Froese & Pauly, 2000","7.3","Froese & Pauly, 2000","7.3","Froese & Pauly, 2000","Y","","","non-migratory","Schlosser, 1995",NA,NA,"","unk","","Joanne/Nikki","1825","Froese & Pauly, 2000"
"Rhinichthys","atratulus","365","De Magalhães & Costa, 2009","365","De Magalhães & Costa, 2009","","0-1","Fitzgerald et al., 2015",NA,NA,"12.4","Froese & Pauly, 2000","5.7","Froese & Pauly, 2000","5.7","Froese & Pauly, 2000","Y","","","non-migratory","IUCN, 2020",NA,NA,"","unk","","Joanne/Nikki","1460","De Magalhães & Costa, 2009;Froese & Pauly, 2000"
"Lepidonotothen","squamifrons","2920","Gregory et al., 2014","2920","Gregory et al., 2014","Y","100+","Koubbi et al., 2000",NA,NA,"55","Froese & Pauly, 2000","35","Froese & Pauly, 2000","35","Froese & Pauly, 2000","Y","","","unk","",NA,NA,"","unk","","Joanne/Nikki","6935","Froese & Pauly, 2000"
"Etheostoma","blennioides","365","De Magalhães & Costa, 2009","365","De Magalhães & Costa, 2009","","10-100","Meyers et al., 2015",NA,NA,"17","Froese & Pauly, 2000","5.5","Froese & Pauly, 2000","5.5","Froese & Pauly, 2000","Y","","","non-migratory","IUCN, 2020",NA,NA,"","unk","","Nikki","1825","Froese & Pauly, 2000"
"Gambusia","affinis","90","De Magalhães & Costa, 2009","90","De Magalhães & Costa, 2009","","0-1","Pyke, 2005;Froese & Pauly, 2000",NA,NA,"5.1","Froese & Pauly, 2000","3.9","Froese & Pauly, 2000","3.9","Froese & Pauly, 2000","Y","","","non-migratory","IUCN, 2020",NA,NA,"","unk","","Nikki","1095","Froese & Pauly, 2000;IUCN, 2020"
"Acipenser","brevirostrum","1460","IUCN, 2020","730","IUCN, 2020","","10-100","Quattro et al., 2002;NatureServe, 2020",NA,NA,"143","Froese & Pauly, 2000","50","Froese & Pauly, 2000","50","Froese & Pauly, 2000","Y","none","NatureServe, 2020","migratory","IUCN, 2020","spring-fall","spring-fall","IUCN, 2020;NatureServe, 2020","3.14-314.16","Kynard et al., 2009","Nikki","25125","IUCN, 2020"
"Hypentelium","nigricans","1095","NatureServe, 2020","730","NatureServe, 2020","","0-1","Gleason, 1984;Raney & Lachner, 1946",NA,NA,"61","Froese & Pauly, 2000","29.8","Froese & Pauly, 2000","29.8","Froese & Pauly, 2000","Y","","","non-migratory","IUCN, 2020",NA,NA,"","0.013","Gleason, 1984","Nikki","4015","O’Kelley & Powers, 2007"
"Micropterus","salmoides","90","Meyers et al., 2015","90","Meyers et al., 2015","Y","0-1","Waters & Noble, 2004;Murray et al., 2015",NA,NA,"97","Froese & Pauly, 2000","40","Froese & Pauly, 2000","40","Froese & Pauly, 2000","Y","fall-winter","Crawshaw, 1984","non-migratory","IUCN, 2020",NA,NA,"","0.1-2","Meyers et al., 2015","Nikki","8395","Froese & Pauly, 2000;Meyers et al., 2015"
"Micropterus","dolomieu","2007","De Magalhães & Costa, 2009","2007","De Magalhães & Costa, 2009","","0-1","Meyers et al., 2015",NA,NA,"69","Froese & Pauly, 2000","8","Froese & Pauly, 2000","8","Froese & Pauly, 2000","Y","","","non-migratory","IUCN, 2020",NA,NA,"","0.13-2.01","Hubert & Lackey, 1980","Nikki","9490","Froese & Pauly, 2000;Meyers et al., 2015"
"Dorosoma","cepedianum","730","De Magalhães & Costa, 2009","730","De Magalhães & Costa, 2009","","unk","",NA,NA,"57","Froese & Pauly, 2000","35","Froese & Pauly, 2000","35","Froese & Pauly, 2000","Y","","","non-migratory","IUCN, 2020",NA,NA,"","unk","","Nikki","3650","Froese & Pauly, 2000;NatureServe, 2020"
"Sardinops","sagax","821","De Magalhães & Costa, 2009","821","De Magalhães & Costa, 2009","","unk","",NA,NA,"39.5","Froese & Pauly, 2000","20","Froese & Pauly, 2000","20","Froese & Pauly, 2000","Y","","","migratory","IUCN, 2020","summer","summer","Wind & Dupuis, 2002","unk","","Nikki","25*365","IUCN, 2020"
"Cottus","bairdii","730","De Magalhães & Costa, 2009","730","De Magalhães & Costa, 2009","","0-1","Meyers et al., 2015",NA,NA,"15","Froese & Pauly, 2000","8.4","Froese & Pauly, 2000","8.4","Froese & Pauly, 2000","Y","none","Breen et al., 2009","non-migratory","IUCN, 2020",NA,NA,"","0.0000196","Meyers et al., 2015","Nikki","730","Froese & Pauly, 2000"
"Cottus","carolinae","730","De Magalhães & Costa, 2009","730","De Magalhães & Costa, 2009","","0-1","Wells et al., 2017",NA,NA,"18","Froese & Pauly, 2000","9.5","Froese & Pauly, 2000","9.5","Froese & Pauly, 2000","Y","","","non-migratory","IUCN, 2020",NA,NA,"","0.000042","NatureServe, 2020","Nikki","1460","NatureServe, 2020"
"Campostoma","anomalum","730","NatureServe, 2020","730","NatureServe, 2020","Y","1-10","Heithaus & Laushman, 1997",NA,NA,"22","Froese & Pauly, 2000","18.7","Froese & Pauly, 2000","18.7","Froese & Pauly, 2000","Y","","","non-migratory","IUCN, 2020",NA,NA,"","unk","","Nikki","2190","Meyers et al., 2015"
"Couesius","plumbeus","1095","Meyers et al., 2015","1095","Meyers et al., 2015","Y","1-10","Debruyn, 2014",NA,NA,"23","Froese & Pauly, 2000","10.5","Froese & Pauly, 2000","10.5","Froese & Pauly, 2000","Y","","","migratory","Debruyn, 2014","Spring-Summer",NA,"Debruyn, 2014","8.042","Meyers et al., 2015","Nikki","2555","Froese & Pauly, 2000;Meyers et al., 2015"
"Ctenopharyngodon","idella","1520","De Magalhães & Costa, 2009","1460","De Magalhães & Costa, 2009","","10-100","Nixon & Miller, 1978;Froese & Pauly, 2000;A. E. George & Chapman, 2015",NA,NA,"150","Froese & Pauly, 2000","10.7","Froese & Pauly, 2000","10.7","Froese & Pauly, 2000","Y","none","Nixon & Miller, 1978","non-migratory","NatureServe, 2020",NA,NA,"","32.32","Chilton & Poarch, 1997","Nikki","7665","Froese & Pauly, 2000;NatureServe, 2020"
"Cyprinus","carpio","1460","IUCN, 2020","1095","IUCN, 2020","","10-100","Stuart & Jones, 2006",NA,NA,"120","Froese & Pauly, 2000","31","Froese & Pauly, 2000","31","Froese & Pauly, 2000","Y","","","non-migratory","Stuart & Jones, 2006",NA,NA,"","78.54","Stuart & Jones, 2006","Nikki","13870","Froese & Pauly, 2000;NatureServe, 2020"
"Labeo","rohita","1073","De Magalhães & Costa, 2009","985","De Magalhães & Costa, 2009","","unk","",NA,NA,"200","Froese & Pauly, 2000","","","","","","","","non-migratory","Mir et al., 2013",NA,NA,"","unk","","Nikki","3650","Froese & Pauly, 2000"
"Leuciscus","idus","2007","De Magalhães & Costa, 2009","1825","De Magalhães & Costa, 2009","","100+","Winter & Fredrich, 2003;Kulíšková et al., 2009",NA,NA,"85","Froese & Pauly, 2000","30","Froese & Pauly, 2000","30","Froese & Pauly, 2000","Y","none","Kulíšková et al., 2009","migratory","IUCN, 2020","Mar-Apr","Mar-Apr","Kulíšková et al., 2009;Winter & Fredrich, 2003;IUCN, 2020","0.0194958","Kulíšková et al., 2009","Nikki","6570","IUCN, 2020;Froese & Pauly, 2000"
"Rutilus","rutilus","1095","De Magalhães & Costa, 2009","730","De Magalhães & Costa, 2009","","0-1","W. P. Williams, 1965;Goldspink, 1977",NA,NA,"50.2","Froese & Pauly, 2000","25","Froese & Pauly, 2000","25","Froese & Pauly, 2000","Y","none","Heermann & Borcherding, 2006","non-migratory","Kestemont et al., 1999;Skov et al., 2013",NA,NA,"","0.018","W. P. Williams, 1965","Nikki","5110","IUCN, 2020;Froese & Pauly, 2000"
"Scardinius","erythrophthalmus","1460","De Magalhães & Costa, 2009","1095","De Magalhães & Costa, 2009","","unk","",NA,NA,"61.7","Froese & Pauly, 2000","","","","","","none","M. Kennedy & Fitzmaurice, 1974","non-migratory","M. Kennedy & Fitzmaurice, 1974",NA,NA,"","unk","","Nikki","6935","IUCN, 2020;Froese & Pauly, 2000"
"Semotilus","atromaculatus","1095","De Magalhães & Costa, 2009","1095","De Magalhães & Costa, 2009","","0-1","Meyers et al., 2015",NA,NA,"30.3","Froese & Pauly, 2000","19.1","Froese & Pauly, 2000","19.1","Froese & Pauly, 2000","Y","","","non-migratory","IUCN, 2020",NA,NA,"","0.013-0.03","Belica & Rahel, 2008","Nikki","2920","Froese & Pauly, 2000"
"Esox","lucius","1116","De Magalhães & Costa, 2009","889","De Magalhães & Costa, 2009","","1-10","L. M. Miller et al., 2001;IUCN, 2020",NA,NA,"137","Froese & Pauly, 2000","40","Froese & Pauly, 2000","40","Froese & Pauly, 2000","Y","none","Diana et al., 1977","non-migratory","IUCN, 2020",NA,NA,"","0.0002-0.95","Knight et al., 2008","Nikki","10950","Froese & Pauly, 2000;Meyers et al., 2015"
"Esox","masquinongy","1825","De Magalhães & Costa, 2009","1460","De Magalhães & Costa, 2009","","1-10","Jennings et al., 2011;IUCN, 2020;NatureServe, 2020",NA,NA,"183","Froese & Pauly, 2000","95","Froese & Pauly, 2000","95","Froese & Pauly, 2000","Y","","","non-migratory","IUCN, 2020",NA,NA,"","0.39-4.43","M. L. Miller & Menzel, 1986","Nikki","10950","Froese & Pauly, 2000;Meyers et al., 2015"
"Gobius","paganellus","912","De Magalhães & Costa, 2009","912","De Magalhães & Costa, 2009","","0-1","Vinagre et al., 2016;Roma et al., 2018;IUCN, 2020",NA,NA,"13","Froese & Pauly, 2000","","","","","","","","non-migratory","P. J. Miller, 1961",NA,NA,"","0.00000079-0.0000169","Roma et al., 2018","Nikki","3650","Froese & Pauly, 2000"
"Ameiurus","melas","730","De Magalhães & Costa, 2009","730","De Magalhães & Costa, 2009","","unk","",NA,NA,"66","Froese & Pauly, 2000","26.6","Froese & Pauly, 2000","26.6","Froese & Pauly, 2000","Y","","","non-migratory","IUCN, 2020",NA,NA,"","kunk","Meyers et al., 2015","Nikki","3650","Froese & Pauly, 2000;Meyers et al., 2015"
"Ameiurus","natalis","730","De Magalhães & Costa, 2009","730","De Magalhães & Costa, 2009","","unk","",NA,NA,"60","Froese & Pauly, 2000","22.5","Froese & Pauly, 2000","22.5","Froese & Pauly, 2000","Y","none","Greenbank, 1956","non-migratory","IUCN, 2020",NA,NA,"","kunk","Meyers et al., 2015","Nikki","2555","Meyers et al., 2015"
"Dicentrarchus","labrax","1460","De Magalhães & Costa, 2009","730","De Magalhães & Costa, 2009","","100+","Meyers et al., 2015;Kelley & Pickett, 1987",NA,NA,"103","Froese & Pauly, 2000","50","Froese & Pauly, 2000","50","Froese & Pauly, 2000","Y","","","migratory","IUCN, 2020","autumn/winter","autumn/winter","Kelley & Pickett, 1987;Meyers et al., 2015","804.25","Kelley & Pickett, 1987","Nikki","10950","Froese & Pauly, 2000"
"Morone","chrysops","1095","De Magalhães & Costa, 2009","730","De Magalhães & Costa, 2009","","100+","Starnes et al., 1983;NatureServe, 2020",NA,NA,"45","Froese & Pauly, 2000","31.8","Froese & Pauly, 2000","31.8","Froese & Pauly, 2000","Y","","","non-migratory","IUCN, 2020",NA,NA,"","0.00374-52.22","Martin et al., 2009","Nikki","3285","Froese & Pauly, 2000;Meyers et al., 2015"
"Mugil","cephalus","730","De Magalhães & Costa, 2009","730","De Magalhães & Costa, 2009","","10-100","Strydom & D’Hotman, 2005;Meyers et al., 2015",NA,NA,"100","Froese & Pauly, 2000","50","Froese & Pauly, 2000","50","Froese & Pauly, 2000","Y","","","migratory","Meyers et al., 2015","autumn/winter",NA,"Meyers et al., 2015","kunk","Meyers et al., 2015","Nikki","5840","IUCN, 2020;Froese & Pauly, 2000"
"Trematomus","bernacchii","2007","De Magalhães & Costa, 2009","1277","De Magalhães & Costa, 2009","","100+","A. Van de Putte, 2008",NA,NA,"28","Froese & Pauly, 2000","25","Froese & Pauly, 2000","25","Froese & Pauly, 2000","Y","none","Miyamoto & Tanimura, 1999","non-migratory","Corbett et al., 2014",NA,NA,"","0.79","Miyamoto & Tanimura, 1999","Nikki","3650","Froese & Pauly, 2000"
"Perca","fluviatilis","1368","De Magalhães & Costa, 2009","821","De Magalhães & Costa, 2009","","10-100","Bergek & Olsson, 2009;Bruylants et al., 1986",NA,NA,"60","Froese & Pauly, 2000","25","Froese & Pauly, 2000","25","Froese & Pauly, 2000","Y","none","Le Cren, 1951","non-migratory","Riede, 2004",NA,NA,"","0.0000665-0.015","Bruylants et al., 1986","Nacho/Nikki","8030","IUCN, 2020;Froese & Pauly, 2000"
"Oncorhynchus","kisutch","1095","De Magalhães & Costa, 2009","1095","De Magalhães & Costa, 2009","","10-100","Labelle, 1992;NatureServe, 2020",NA,NA,"108","Froese & Pauly, 2000","71","Froese & Pauly, 2000","71","Froese & Pauly, 2000","Y","none","Bustard & Narver, 1975","migratory","NatureServe, 2020;Riede, 2004","fall/winter","fall/winter","NatureServe, 2020","unk","","Nacho/Nikki","1825","Meerburg, 1986;Froese & Pauly, 2000"
"Salvelinus","fontinalis","730","De Magalhães & Costa, 2009","730","De Magalhães & Costa, 2009","","10-100","H. C. White, 1941;NatureServe, 2020",NA,NA,"86","Froese & Pauly, 2000","26.4","Froese & Pauly, 2000","26.4","Froese & Pauly, 2000","Y","","","migratory","NatureServe, 2020;Riede, 2004","fall",NA,"NatureServe, 2020;Meyers et al., 2015","unk","","Nacho/Nikki","8760","Altman & Dittmer, 1962;Froese & Pauly, 2000"
"Salvelinus","alpinus","3285","De Magalhães & Costa, 2009","3285","De Magalhães & Costa, 2009","","10-100","Bernatchez et al., 1998;DeCicco, 1992",NA,NA,"107","Froese & Pauly, 2000","40","Froese & Pauly, 2000","40","Froese & Pauly, 2000","Y","none","Mortensen et al., 2007","migratory","IUCN, 2020","summer","summer","DeCicco, 1992;Meyers et al., 2015","kunk","Meyers et al., 2015","Nacho/Nikki","14600","Meyers et al., 2015;Froese & Pauly, 2000"
"Salvelinus","namaycush","4927","De Magalhães & Costa, 2009","4745","De Magalhães & Costa, 2009","","10-100","Binder et al., 2015;Bronte et al., 2007;NatureServe, 2020",NA,NA,"150","Froese & Pauly, 2000","50","Froese & Pauly, 2000","50","Froese & Pauly, 2000","Y","none","Flavelle et al., 2001","migratory","NatureServe, 2020","fall","fall","NatureServe, 2020","0.8-10.1","Flavelle et al., 2001","Nacho/Nikki","18250","Meyers et al., 2015;Froese & Pauly, 2000"
"Pseudophryne","bibronii","unk","","unk","","","0-1","Barton, 1981",NA,NA,"3.6","Oliveira et al., 2017","","","","","","winter","Woodruff, 1977","non-migratory","",NA,NA,"","0.00230688","Woodruff, 1977","Nikki","2190","Woodruff, 1977"
"Lithobates","clamitans","365","AmphibiaWeb, 2020","365","AmphibiaWeb, 2020","Y","1-10","AmphibiaWeb, 2020",NA,NA,"10.8","NatureServe, 2020","","","","","","winter","AmphibiaWeb, 2020","non-migratory","",NA,NA,"","0.00002-0.0002","AmphibiaWeb, 2020","Nikki","2000","AmphibiaWeb, 2020"
"Rhinella","granulosa","unk","","unk","","","unk","",NA,NA,"9","Oliveira et al., 2017","","","","","","none","J. E. Carvalho et al., 2010","non-migratory","",NA,NA,"","unk","","Nikki","unk",""
"Rhinella","marina","365","Oliveira et al., 2017","365","Oliveira et al., 2017","Y","0-1","",NA,NA,"24.1","Oliveira et al., 2017","","","","","","winter+dry","AmphibiaWeb, 2020","non-migratory","",NA,NA,"","0.00034-0.002812","AmphibiaWeb, 2020","Nikki","9052","Oliveira et al., 2017"
"Spea","hammondii","730","AmphibiaWeb, 2020","365","AmphibiaWeb, 2020","","0-1","Baumberger et al., 2019",NA,NA,"6.1","Oliveira et al., 2017","","","","","","summer","AmphibiaWeb, 2020","non-migratory","",NA,NA,"","0.000025-0.00562","Baumberger et al., 2019","Nikki","kunk","AmphibiaWeb, 2020"
"Pleurodema","thaul","730","Iturra-Cid et al., 2010","730","Iturra-Cid et al., 2010","","unk","",NA,NA,"6.296","Iturra-Cid et al., 2010","","","","","","winter","Iturra-Cid et al., 2010","non-migratory","",NA,NA,"","unk","","Nikki","1825","Iturra-Cid et al., 2010"
"Drosophila","melanogaster","9","Sgrò & Partridge, 2000","9","Sgrò & Partridge, 2000","","1-10","Coyne & Milstead, 1987",NA,NA,"0.3","Meyers et al., 2015","","","","","","winter","Lirakis et al., 2018","non-migratory","",NA,NA,"","unk","","Nikki","65","R. S. Miller & Thomas, 1958"
"Rhinella","spinulosa","unk","","unk","","","0-1","Parr, 1973",NA,NA,"8","Womack et al., 2016","","","","","","none","Rodríguez et al., 2019","non-migratory","",NA,NA,"","unk","","Nikki","unk",""
"Atractosteus","spatula","4015","Meyers et al., 2015","2190","Meyers et al., 2015","","10-100","Buckmeier, 2008",NA,NA,"300","Meyers et al., 2015","","","","","","","","non-migratory","Buckmeier et al., 2013",NA,NA,"","22.9-475.29","Buckmeier, 2008","Nikki","18250","Meyers et al., 2015"
"Ischnura","elegans","180","Thompson, 1978","180","Thompson, 1978","Y","0-1","Parr, 1973",NA,NA,"3.5","Watson & Dallwitz, 2019","","","","","","","","non-migratory","",NA,NA,"","0.13","Parr, 1973","Nikki","540","Piersanti et al., 2015"
"Temnothorax","curvispinosus","unk","","unk","","","0-1","Pratt, 2008",NA,NA,"0.059","Geraghty et al., 2007","","","","","","winter?","Alloway et al., 1982","non-migratory","",NA,NA,"","unk","","Nikki","5475","Diamond et al., 2017"
"Mauremys","reevesii","1825","IUCN, 2020","unk","","","unk","",NA,NA,"24","IUCN, 2020","","","","","","","","unk","",NA,NA,"","unk","","Nikki","8869.5",""
"Trachemys","scripta elegans","1825","IUCN, 2020","730","IUCN, 2020","","1-10","Meyers et al., 2015",NA,NA,"29","IUCN, 2020","","","","","","","","non-migratory","",NA,NA,"","unk","","Nikki","15074.5","De Magalhães & Costa, 2009"
"Rhynchocypris","oxycephalus","365","Liang et al., 2014","365","Liang et al., 2014","","unk","",NA,NA,"17.2","Froese & Pauly, 2000","","","","","","","","non-migratory","Nishida et al., 2014",NA,NA,"","unk","","Nikki","1460","Liang et al., 2014"
"Ceratitis","capitata","17.5","H. V. Weems, 1981","17.5","H. V. Weems, 1981","","1-10","Meats & Smallridge, 2007",NA,NA,"0.5","H. V. Weems, 1981","","","","","","","","non-migratory","",NA,NA,"","unk","","Nikki","365","H. V. Weems, 1981"
"Lampropholis","coggeri","unk","","unk","","","unk","",NA,NA,"4.5","Llewelyn et al., 2017","","","","","","","","unk","",NA,NA,"","unk","","Nikki","1095","Llewelyn et al., 2016"
"Orchesella","cincta","40","Zizzari et al., 2009","49","Zizzari et al., 2009","","0-1","Timmermans et al., 2005",NA,NA,"0.4","Driessen, 2007","","","","","","","","non-migratory","",NA,NA,"","unk","","Nikki","unk",""
"Tigriopus","californicus","20","Vittor, 1971","unk","","","unk","",NA,NA,"0.14","Powlik et al., 1997","","","","","","","","non-migratory","",NA,NA,"","unk","","Nikki","unk",""
"Fundulus","parvipinnis",NA,NA,NA,NA,NA,NA,NA,NA,NA,NA,NA,NA,NA,NA,NA,NA,NA,NA,NA,NA,NA,NA,NA,NA,NA,NA,NA,NA
"Salmo","salar",NA,NA,NA,NA,NA,NA,NA,NA,NA,NA,NA,NA,NA,NA,NA,NA,NA,NA,NA,NA,NA,NA,NA,NA,NA,NA,NA,NA
"Siphateles","bicolor mohavensis",NA,NA,NA,NA,NA,NA,NA,NA,NA,NA,NA,NA,NA,NA,NA,NA,NA,NA,NA,NA,NA,NA,NA,NA,NA,NA,NA,NA
"Cottus","cognatus",NA,NA,NA,NA,NA,NA,NA,NA,NA,NA,NA,NA,NA,NA,NA,NA,NA,NA,NA,NA,NA,NA,NA,NA,NA,NA,NA,NA
"Chirodica","chalcoptera",NA,NA,NA,NA,NA,NA,NA,NA,NA,NA,NA,NA,NA,NA,NA,NA,NA,NA,NA,NA,NA,NA,NA,NA,NA,NA,NA,NA
"Podacarus","auberti",NA,NA,NA,NA,NA,NA,NA,NA,NA,NA,NA,NA,NA,NA,NA,NA,NA,NA,NA,NA,NA,NA,NA,NA,NA,NA,NA,NA
"Halozetes","belgicae",NA,NA,NA,NA,NA,NA,NA,NA,NA,NA,NA,NA,NA,NA,NA,NA,NA,NA,NA,NA,NA,NA,NA,NA,NA,NA,NA,NA
"Halozetes","fulvus",NA,NA,NA,NA,NA,NA,NA,NA,NA,NA,NA,NA,NA,NA,NA,NA,NA,NA,NA,NA,NA,NA,NA,NA,NA,NA,NA,NA
"Halozetes","marinus",NA,NA,NA,NA,NA,NA,NA,NA,NA,NA,NA,NA,NA,NA,NA,NA,NA,NA,NA,NA,NA,NA,NA,NA,NA,NA,NA,NA
"Halozetes","marionensis",NA,NA,NA,NA,NA,NA,NA,NA,NA,NA,NA,NA,NA,NA,NA,NA,NA,NA,NA,NA,NA,NA,NA,NA,NA,NA,NA,NA
"Dasyatis","sabina",NA,NA,NA,NA,NA,NA,NA,NA,NA,NA,NA,NA,NA,NA,NA,NA,NA,NA,NA,NA,NA,NA,NA,NA,NA,NA,NA,NA
"Lithobates","virgatipes",NA,NA,NA,NA,NA,NA,NA,NA,NA,NA,NA,NA,NA,NA,NA,NA,NA,NA,NA,NA,NA,NA,NA,NA,NA,NA,NA,NA
"Myro","kerguelenensis",NA,NA,NA,NA,NA,NA,NA,NA,NA,NA,NA,NA,NA,NA,NA,NA,NA,NA,NA,NA,NA,NA,NA,NA,NA,NA,NA,NA
"Prinerigone","vagans",NA,NA,NA,NA,NA,NA,NA,NA,NA,NA,NA,NA,NA,NA,NA,NA,NA,NA,NA,NA,NA,NA,NA,NA,NA,NA,NA,NA
"Linepithema","humile",NA,NA,NA,NA,NA,NA,NA,NA,NA,NA,NA,NA,NA,NA,NA,NA,NA,NA,NA,NA,NA,NA,NA,NA,NA,NA,NA,NA
"Mya","arenaria",NA,NA,NA,NA,NA,NA,NA,NA,NA,NA,NA,NA,NA,NA,NA,NA,NA,NA,NA,NA,NA,NA,NA,NA,NA,NA,NA,NA
"Gemma","gemma",NA,NA,NA,NA,NA,NA,NA,NA,NA,NA,NA,NA,NA,NA,NA,NA,NA,NA,NA,NA,NA,NA,NA,NA,NA,NA,NA,NA
"Mulinia","lateralis",NA,NA,NA,NA,NA,NA,NA,NA,NA,NA,NA,NA,NA,NA,NA,NA,NA,NA,NA,NA,NA,NA,NA,NA,NA,NA,NA,NA
"Dendropsophus","molitor",NA,NA,NA,NA,NA,NA,NA,NA,NA,NA,NA,NA,NA,NA,NA,NA,NA,NA,NA,NA,NA,NA,NA,NA,NA,NA,NA,NA
"Atrichum","undulatum",NA,NA,NA,NA,NA,NA,NA,NA,NA,NA,NA,NA,NA,NA,NA,NA,NA,NA,NA,NA,NA,NA,NA,NA,NA,NA,NA,NA
"Eurycea","multiplicata",NA,NA,NA,NA,NA,NA,NA,NA,NA,NA,NA,NA,NA,NA,NA,NA,NA,NA,NA,NA,NA,NA,NA,NA,NA,NA,NA,NA
"Etheostoma","cragini",NA,NA,NA,NA,NA,NA,NA,NA,NA,NA,NA,NA,NA,NA,NA,NA,NA,NA,NA,NA,NA,NA,NA,NA,NA,NA,NA,NA
"Poeciliopsis","occidentalis",NA,NA,NA,NA,NA,NA,NA,NA,NA,NA,NA,NA,NA,NA,NA,NA,NA,NA,NA,NA,NA,NA,NA,NA,NA,NA,NA,NA
"Gila","elegans",NA,NA,NA,NA,NA,NA,NA,NA,NA,NA,NA,NA,NA,NA,NA,NA,NA,NA,NA,NA,NA,NA,NA,NA,NA,NA,NA,NA
"Gila","intermedia",NA,NA,NA,NA,NA,NA,NA,NA,NA,NA,NA,NA,NA,NA,NA,NA,NA,NA,NA,NA,NA,NA,NA,NA,NA,NA,NA,NA
"Xyrauchen","texanus",NA,NA,NA,NA,NA,NA,NA,NA,NA,NA,NA,NA,NA,NA,NA,NA,NA,NA,NA,NA,NA,NA,NA,NA,NA,NA,NA,NA
"Anolis","distichus",NA,NA,NA,NA,NA,NA,NA,NA,NA,NA,NA,NA,NA,NA,NA,NA,NA,NA,NA,NA,NA,NA,NA,NA,NA,NA,NA,NA
"Anolis","sagrei",NA,NA,NA,NA,NA,NA,NA,NA,NA,NA,NA,NA,NA,NA,NA,NA,NA,NA,NA,NA,NA,NA,NA,NA,NA,NA,NA,NA
"Metacarcinus","magister",NA,NA,NA,NA,NA,NA,NA,NA,NA,NA,NA,NA,NA,NA,NA,NA,NA,NA,NA,NA,NA,NA,NA,NA,NA,NA,NA,NA
"Takydromus","formosanus",NA,NA,NA,NA,NA,NA,NA,NA,NA,NA,NA,NA,NA,NA,NA,NA,NA,NA,NA,NA,NA,NA,NA,NA,NA,NA,NA,NA
"Takydromus","stejnegeri",NA,NA,NA,NA,NA,NA,NA,NA,NA,NA,NA,NA,NA,NA,NA,NA,NA,NA,NA,NA,NA,NA,NA,NA,NA,NA,NA,NA
"Sphenomorphus","incognitus",NA,NA,NA,NA,NA,NA,NA,NA,NA,NA,NA,NA,NA,NA,NA,NA,NA,NA,NA,NA,NA,NA,NA,NA,NA,NA,NA,NA
"Sphenomorphus","taiwanensis",NA,NA,NA,NA,NA,NA,NA,NA,NA,NA,NA,NA,NA,NA,NA,NA,NA,NA,NA,NA,NA,NA,NA,NA,NA,NA,NA,NA
"Xantusia","vigilis",NA,NA,NA,NA,NA,NA,NA,NA,NA,NA,NA,NA,NA,NA,NA,NA,NA,NA,NA,NA,NA,NA,NA,NA,NA,NA,NA,NA
"Eremias","multiocellata",NA,NA,NA,NA,NA,NA,NA,NA,NA,NA,NA,NA,NA,NA,NA,NA,NA,NA,NA,NA,NA,NA,NA,NA,NA,NA,NA,NA
"Petrosaurus","mearnsi",NA,NA,NA,NA,NA,NA,NA,NA,NA,NA,NA,NA,NA,NA,NA,NA,NA,NA,NA,NA,NA,NA,NA,NA,NA,NA,NA,NA
"Trimeresurus","gracilis",NA,NA,NA,NA,NA,NA,NA,NA,NA,NA,NA,NA,NA,NA,NA,NA,NA,NA,NA,NA,NA,NA,NA,NA,NA,NA,NA,NA
"Protobothrops","mucrosquamatus",NA,NA,NA,NA,NA,NA,NA,NA,NA,NA,NA,NA,NA,NA,NA,NA,NA,NA,NA,NA,NA,NA,NA,NA,NA,NA,NA,NA
"Trimeresurus","stejnegeri",NA,NA,NA,NA,NA,NA,NA,NA,NA,NA,NA,NA,NA,NA,NA,NA,NA,NA,NA,NA,NA,NA,NA,NA,NA,NA,NA,NA
"Thamnophis","elegans",NA,NA,NA,NA,NA,NA,NA,NA,NA,NA,NA,NA,NA,NA,NA,NA,NA,NA,NA,NA,NA,NA,NA,NA,NA,NA,NA,NA
